"""ds"",""y"""
"""2001-01-01"",827.8048265"
"""2001-01-02"",825.9937102"
"""2001-01-03"",824.166635"
"""2001-01-04"",822.3232201"
"""2001-01-05"",820.4630712"
"""2001-01-06"",818.5857797"
"""2001-01-07"",816.6909221"
"""2001-01-08"",814.7780591"
"""2001-01-09"",812.8467349"
"""2001-01-10"",810.8964759"
"""2001-01-11"",808.9267901"
"""2001-01-12"",806.9371654"
"""2001-01-13"",804.9270691"
"""2001-01-14"",802.8959456"
"""2001-01-15"",800.8432158"
"""2001-01-16"",798.7682748"
"""2001-01-17"",796.6704906"
"""2001-01-18"",794.5492015"
"""2001-01-19"",792.4037142"
"""2001-01-20"",790.2333013"
"""2001-01-21"",788.0371984"
"""2001-01-22"",785.8146012"
"""2001-01-23"",783.564662"
"""2001-01-24"",781.2864856"
"""2001-01-25"",778.9791255"
"""2001-01-26"",776.6415785"
"""2001-01-27"",774.2727799"
"""2001-01-28"",771.8715971"
"""2001-01-29"",769.4368227"
"""2001-01-30"",766.9671672"
"""2001-01-31"",764.4612499"
"""2001-01-32"",761.9175895"
"""2001-01-33"",759.3345924"
"""2001-01-34"",756.7105409"
"""2001-01-35"",754.043578"
"""2001-01-36"",751.3316916"
"""2001-01-37"",748.5726953"
"""2001-01-38"",745.7642072"
"""2001-01-39"",742.903625"
"""2001-01-40"",739.9880972"
"""2001-01-41"",737.0144903"
"""2001-01-42"",733.9793495"
"""2001-01-43"",730.878854"
"""2001-01-44"",727.7087637"
"""2001-01-45"",724.4643558"
"""2001-01-46"",721.1403509"
"""2001-01-47"",717.7308224"
"""2001-01-48"",714.2290896"
"""2001-01-49"",710.6275861"
"""2001-01-50"",706.9176996"
"""2001-01-51"",703.0895742"
"""2001-01-52"",699.1318632"
"""2001-01-53"",695.0314187"
"""2001-01-54"",690.7728955"
"""2001-01-55"",686.3382419"
"""2001-01-56"",681.7060334"
"""2001-01-57"",676.8505925"
"""2001-01-58"",671.7408073"
"""2001-01-59"",666.3385179"
"""2001-01-60"",660.596283"
"""2001-01-61"",654.4542302"
"""2001-01-62"",647.8355474"
"""2001-01-63"",640.6399386"
"""2001-01-64"",632.734052"
"""2001-01-65"",623.9375655"
"""2001-01-66"",614.0037127"
"""2001-01-67"",602.5950997"
"""2001-01-68"",589.2636838"
"""2001-01-69"",573.4611221"
"""2001-01-70"",554.6046852"
"""2001-01-71"",532.1481895"
"""2001-01-72"",505.8951011"
"""2001-01-73"",477.359966"
"""2001-01-74"",449.4419001"
"""2001-01-75"",424.478001"
"""2001-01-76"",404.2511357"
"""2001-01-77"",388.2075331"
"""2001-01-78"",375.2455496"
"""2001-01-79"",364.5049605"
"""2001-01-80"",355.3968193"
"""2001-01-81"",347.5205834"
"""2001-01-82"",340.5982792"
"""2001-01-83"",334.432023"
"""2001-01-84"",328.8773462"
"""2001-01-85"",323.8262743"
"""2001-01-86"",319.1963732"
"""2001-01-87"",314.9234956"
"""2001-01-88"",310.9568664"
"""2001-01-89"",307.2556781"
"""2001-01-90"",303.7866853"
"""2001-01-91"",300.5224708"
"""2001-01-92"",297.4401746"
"""2001-01-93"",294.5205471"
"""2001-01-94"",291.7472335"
"""2001-01-95"",289.1062246"
"""2001-01-96"",286.5854318"
"""2001-01-97"",284.1743527"
"""2001-01-98"",281.8638064"
"""2001-01-99"",279.6457213"
"""2001-01-100"",277.5129635"
"""2001-01-101"",827.4622634"
"""2001-01-102"",825.6459383"
"""2001-01-103"",823.8135088"
"""2001-01-104"",821.9645883"
"""2001-01-105"",820.0987763"
"""2001-01-106"",818.2156576"
"""2001-01-107"",816.314802"
"""2001-01-108"",814.3957628"
"""2001-01-109"",812.4580765"
"""2001-01-110"",810.5012614"
"""2001-01-111"",808.5248167"
"""2001-01-112"",806.5282212"
"""2001-01-113"",804.5109323"
"""2001-01-114"",802.4723843"
"""2001-01-115"",800.4119866"
"""2001-01-116"",798.3291226"
"""2001-01-117"",796.2231475"
"""2001-01-118"",794.0933858"
"""2001-01-119"",791.9391298"
"""2001-01-120"",789.7596361"
"""2001-01-121"",787.5541233"
"""2001-01-122"",785.3217687"
"""2001-01-123"",783.0617045"
"""2001-01-124"",780.7730139"
"""2001-01-125"",778.4547267"
"""2001-01-126"",776.1058142"
"""2001-01-127"",773.7251835"
"""2001-01-128"",771.311671"
"""2001-01-129"",768.8640357"
"""2001-01-130"",766.3809507"
"""2001-01-131"",763.8609942"
"""2001-01-132"",761.3026392"
"""2001-01-133"",758.7042419"
"""2001-01-134"",756.064028"
"""2001-01-135"",753.3800778"
"""2001-01-136"",750.6503089"
"""2001-01-137"",747.872456"
"""2001-01-138"",745.0440481"
"""2001-01-139"",742.1623824"
"""2001-01-140"",739.2244935"
"""2001-01-141"",736.2271177"
"""2001-01-142"",733.1666519"
"""2001-01-143"",730.0391049"
"""2001-01-144"",726.8400399"
"""2001-01-145"",723.5645067"
"""2001-01-146"",720.2069604"
"""2001-01-147"",716.7611641"
"""2001-01-148"",713.2200713"
"""2001-01-149"",709.5756815"
"""2001-01-150"",705.8188645"
"""2001-01-151"",701.9391402"
"""2001-01-152"",697.9244047"
"""2001-01-153"",693.7605815"
"""2001-01-154"",689.4311758"
"""2001-01-155"",684.9166956"
"""2001-01-156"",680.1938896"
"""2001-01-157"",675.2347308"
"""2001-01-158"",670.0050387"
"""2001-01-159"",664.462578"
"""2001-01-160"",658.554394"
"""2001-01-161"",652.2130055"
"""2001-01-162"",645.350876"
"""2001-01-163"",637.8522625"
"""2001-01-164"",629.5611157"
"""2001-01-165"",620.2632814"
"""2001-01-166"",609.6615929"
"""2001-01-167"",597.3461596"
"""2001-01-168"",582.7753738"
"""2001-01-169"",565.3050305"
"""2001-01-170"",544.2717992"
"""2001-01-171"",519.1047263"
"""2001-01-172"",490.2733565"
"""2001-01-173"",460.7139774"
"""2001-01-174"",433.2180236"
"""2001-01-175"",410.4908428"
"""2001-01-176"",392.6653538"
"""2001-01-177"",378.5106801"
"""2001-01-178"",366.9575966"
"""2001-01-179"",357.2774726"
"""2001-01-180"",348.9851462"
"""2001-01-181"",341.7510988"
"""2001-01-182"",335.3451992"
"""2001-01-183"",329.6021757"
"""2001-01-184"",324.4002231"
"""2001-01-185"",319.647451"
"""2001-01-186"",315.2730779"
"""2001-01-187"",311.2215657"
"""2001-01-188"",307.4486154"
"""2001-01-189"",303.9183734"
"""2001-01-190"",300.601441"
"""2001-01-191"",297.4734302"
"""2001-01-192"",294.5138962"
"""2001-01-193"",291.705538"
"""2001-01-194"",289.0335887"
"""2001-01-195"",286.4853466"
"""2001-01-196"",284.0498086"
"""2001-01-197"",281.7173813"
"""2001-01-198"",279.4796503"
"""2001-01-199"",277.3291953"
"""2001-01-200"",275.2594391"
"""2001-01-201"",827.1182652"
"""2001-01-202"",825.2966833"
"""2001-01-203"",823.4588494"
"""2001-01-204"",821.6043709"
"""2001-01-205"",819.7328408"
"""2001-01-206"",817.8438375"
"""2001-01-207"",815.9369235"
"""2001-01-208"",814.0116449"
"""2001-01-209"",812.0675301"
"""2001-01-210"",810.1040891"
"""2001-01-211"",808.1208124"
"""2001-01-212"",806.1171692"
"""2001-01-213"",804.0926068"
"""2001-01-214"",802.0465487"
"""2001-01-215"",799.9783932"
"""2001-01-216"",797.8875113"
"""2001-01-217"",795.773245"
"""2001-01-218"",793.6349048"
"""2001-01-219"",791.4717678"
"""2001-01-220"",789.2830744"
"""2001-01-221"",787.0680256"
"""2001-01-222"",784.8257796"
"""2001-01-223"",782.5554479"
"""2001-01-224"",780.2560914"
"""2001-01-225"",777.9267154"
"""2001-01-226"",775.5662645"
"""2001-01-227"",773.1736165"
"""2001-01-228"",770.7475762"
"""2001-01-229"",768.286867"
"""2001-01-230"",765.7901234"
"""2001-01-231"",763.2558808"
"""2001-01-232"",760.6825646"
"""2001-01-233"",758.0684781"
"""2001-01-234"",755.4117883"
"""2001-01-235"",752.7105098"
"""2001-01-236"",749.9624863"
"""2001-01-237"",747.1653697"
"""2001-01-238"",744.3165954"
"""2001-01-239"",741.4133548"
"""2001-01-240"",738.4525618"
"""2001-01-241"",735.4308157"
"""2001-01-242"",732.3443561"
"""2001-01-243"",729.1890108"
"""2001-01-244"",725.9601338"
"""2001-01-245"",722.6525321"
"""2001-01-246"",719.2603773"
"""2001-01-247"",715.7770994"
"""2001-01-248"",712.1952579"
"""2001-01-249"",708.5063841"
"""2001-01-250"",704.7007857"
"""2001-01-251"",700.7673035"
"""2001-01-252"",696.693005"
"""2001-01-253"",692.4627928"
"""2001-01-254"",688.0589004"
"""2001-01-255"",683.4602324"
"""2001-01-256"",678.6414889"
"""2001-01-257"",673.5719863"
"""2001-01-258"",668.2140421"
"""2001-01-259"",662.5207207"
"""2001-01-260"",656.4326329"
"""2001-01-261"",649.8732964"
"""2001-01-262"",642.7422914"
"""2001-01-263"",634.9050051"
"""2001-01-264"",626.1771548"
"""2001-01-265"",616.3017618"
"""2001-01-266"",604.9170768"
"""2001-01-267"",591.520658"
"""2001-01-268"",575.4560499"
"""2001-01-269"",555.9682936"
"""2001-01-270"",532.2948546"
"""2001-01-271"",504.0543482"
"""2001-01-272"",473.1979256"
"""2001-01-273"",443.3832973"
"""2001-01-274"",417.7661044"
"""2001-01-275"",397.7610324"
"""2001-01-276"",382.1683544"
"""2001-01-277"",369.6602829"
"""2001-01-278"",359.3234176"
"""2001-01-279"",350.5626224"
"""2001-01-280"",342.9832009"
"""2001-01-281"",336.3152944"
"""2001-01-282"",330.3685839"
"""2001-01-283"",325.0049389"
"""2001-01-284"",320.1214935"
"""2001-01-285"",315.6398783"
"""2001-01-286"",311.4991749"
"""2001-01-287"",307.6511827"
"""2001-01-288"",304.0571609"
"""2001-01-289"",300.6855357"
"""2001-01-290"",297.5102533"
"""2001-01-291"",294.509575"
"""2001-01-292"",291.6651806"
"""2001-01-293"",288.9614918"
"""2001-01-294"",286.3851531"
"""2001-01-295"",283.9246297"
"""2001-01-296"",281.5698917"
"""2001-01-297"",279.3121635"
"""2001-01-298"",277.1437236"
"""2001-01-299"",275.0577419"
"""2001-01-300"",273.0481477"
"""2001-01-301"",826.7728175"
"""2001-01-302"",824.9459301"
"""2001-01-303"",823.1026409"
"""2001-01-304"",821.2425509"
"""2001-01-305"",819.365247"
"""2001-01-306"",817.4703005"
"""2001-01-307"",815.5572669"
"""2001-01-308"",813.6256845"
"""2001-01-309"",811.6750738"
"""2001-01-310"",809.7049362"
"""2001-01-311"",807.7147528"
"""2001-01-312"",805.7039834"
"""2001-01-313"",803.672065"
"""2001-01-314"",801.61841"
"""2001-01-315"",799.5424049"
"""2001-01-316"",797.4434082"
"""2001-01-317"",795.3207483"
"""2001-01-318"",793.1737214"
"""2001-01-319"",791.0015888"
"""2001-01-320"",788.8035742"
"""2001-01-321"",786.5788604"
"""2001-01-322"",784.3265858"
"""2001-01-323"",782.0458408"
"""2001-01-324"",779.7356629"
"""2001-01-325"",777.3950321"
"""2001-01-326"",775.0228654"
"""2001-01-327"",772.6180104"
"""2001-01-328"",770.1792384"
"""2001-01-329"",767.7052365"
"""2001-01-330"",765.1945986"
"""2001-01-331"",762.6458154"
"""2001-01-332"",760.0572629"
"""2001-01-333"",757.4271891"
"""2001-01-334"",754.7536996"
"""2001-01-335"",752.0347399"
"""2001-01-336"",749.2680764"
"""2001-01-337"",746.451274"
"""2001-01-338"",743.5816697"
"""2001-01-339"",740.6563429"
"""2001-01-340"",737.6720808"
"""2001-01-341"",734.6253372"
"""2001-01-342"",731.5121848"
"""2001-01-343"",728.3282593"
"""2001-01-344"",725.0686921"
"""2001-01-345"",721.7280307"
"""2001-01-346"",718.3001429"
"""2001-01-347"",714.778101"
"""2001-01-348"",711.1540402"
"""2001-01-349"",707.4189849"
"""2001-01-350"",703.5626324"
"""2001-01-351"",699.5730828"
"""2001-01-352"",695.4364947"
"""2001-01-353"",691.1366453"
"""2001-01-354"",686.6543575"
"""2001-01-355"",681.9667447"
"""2001-01-356"",677.0462013"
"""2001-01-357"",671.8590263"
"""2001-01-358"",666.3635208"
"""2001-01-359"",660.5072969"
"""2001-01-360"",654.2234034"
"""2001-01-361"",647.424624"
"""2001-01-362"",639.9949185"
"""2001-01-363"",631.7763653"
"""2001-01-364"",622.5491187"
"""2001-01-365"",612.0012567"
"""2001-01-366"",599.6872656"
"""2001-01-367"",584.9859795"
"""2001-01-368"",567.1009578"
"""2001-01-369"",545.1437094"
"""2001-01-370"",518.270397"
"""2001-01-371"",486.9752822"
"""2001-01-372"",455.0946542"
"""2001-01-373"",426.3388138"
"""2001-01-374"",403.6582961"
"""2001-01-375"",386.3054124"
"""2001-01-376"",372.6596565"
"""2001-01-377"",361.5607825"
"""2001-01-378"",352.2683116"
"""2001-01-379"",344.303911"
"""2001-01-380"",337.3481936"
"""2001-01-381"",331.1803956"
"""2001-01-382"",325.642968"
"""2001-01-383"",320.6202295"
"""2001-01-384"",316.0250884"
"""2001-01-385"",311.7905244"
"""2001-01-386"",307.8639624"
"""2001-01-387"",304.2034573"
"""2001-01-388"",300.7750417"
"""2001-01-389"",297.5508429"
"""2001-01-390"",294.5077186"
"""2001-01-391"",291.6262502"
"""2001-01-392"",288.8899887"
"""2001-01-393"",286.2848809"
"""2001-01-394"",283.7988269"
"""2001-01-395"",281.4213347"
"""2001-01-396"",279.1432479"
"""2001-01-397"",276.956528"
"""2001-01-398"",274.85408"
"""2001-01-399"",272.8296094"
"""2001-01-400"",270.8775067"
"""2001-01-401"",826.4259056"
"""2001-01-402"",824.5936633"
"""2001-01-403"",822.7448669"
"""2001-01-404"",820.8791114"
"""2001-01-405"",818.9959769"
"""2001-01-406"",817.0950279"
"""2001-01-407"",815.1758123"
"""2001-01-408"",813.2378608"
"""2001-01-409"",811.2806854"
"""2001-01-410"",809.3037789"
"""2001-01-411"",807.306613"
"""2001-01-412"",805.2886376"
"""2001-01-413"",803.249279"
"""2001-01-414"",801.1879384"
"""2001-01-415"",799.1039901"
"""2001-01-416"",796.9967798"
"""2001-01-417"",794.8656219"
"""2001-01-418"",792.7097977"
"""2001-01-419"",790.5285524"
"""2001-01-420"",788.3210924"
"""2001-01-421"",786.0865816"
"""2001-01-422"",783.8241382"
"""2001-01-423"",781.5328304"
"""2001-01-424"",779.2116718"
"""2001-01-425"",776.8596161"
"""2001-01-426"",774.4755516"
"""2001-01-427"",772.0582944"
"""2001-01-428"",769.6065814"
"""2001-01-429"",767.1190615"
"""2001-01-430"",764.5942865"
"""2001-01-431"",762.0307007"
"""2001-01-432"",759.4266282"
"""2001-01-433"",756.7802593"
"""2001-01-434"",754.0896351"
"""2001-01-435"",751.3526291"
"""2001-01-436"",748.5669265"
"""2001-01-437"",745.7300004"
"""2001-01-438"",742.8390842"
"""2001-01-439"",739.8911396"
"""2001-01-440"",736.8828194"
"""2001-01-441"",733.8104234"
"""2001-01-442"",730.6698475"
"""2001-01-443"",727.4565229"
"""2001-01-444"",724.1653434"
"""2001-01-445"",720.7905792"
"""2001-01-446"",717.3257726"
"""2001-01-447"",713.7636108"
"""2001-01-448"",710.0957709"
"""2001-01-449"",706.3127281"
"""2001-01-450"",702.4035157"
"""2001-01-451"",698.3554234"
"""2001-01-452"",694.1536112"
"""2001-01-453"",689.780612"
"""2001-01-454"",685.215679"
"""2001-01-455"",680.4339181"
"""2001-01-456"",675.405117"
"""2001-01-457"",670.0921326"
"""2001-01-458"",664.448634"
"""2001-01-459"",658.4158678"
"""2001-01-460"",651.9179309"
"""2001-01-461"",644.8546926"
"""2001-01-462"",637.0909743"
"""2001-01-463"",628.4397102"
"""2001-01-464"",618.6356277"
"""2001-01-465"",607.2952663"
"""2001-01-466"",593.8631426"
"""2001-01-467"",577.5654315"
"""2001-01-468"",557.4349186"
"""2001-01-469"",532.4126337"
"""2001-01-470"",501.8397586"
"""2001-01-471"",468.3027052"
"""2001-01-472"",436.5078375"
"""2001-01-473"",410.5793861"
"""2001-01-474"",391.0380806"
"""2001-01-475"",376.0158723"
"""2001-01-476"",364.0221155"
"""2001-01-477"",354.1207173"
"""2001-01-478"",345.724235"
"""2001-01-479"",338.4507041"
"""2001-01-480"",332.0419613"
"""2001-01-481"",326.3171672"
"""2001-01-482"",321.1455762"
"""2001-01-483"",316.4300167"
"""2001-01-484"",312.0965182"
"""2001-01-485"",308.0875843"
"""2001-01-486"",304.3577026"
"""2001-01-487"",300.8702658"
"""2001-01-488"",297.595411"
"""2001-01-489"",294.5084709"
"""2001-01-490"",291.5888408"
"""2001-01-491"",288.8191372"
"""2001-01-492"",286.1845611"
"""2001-01-493"",283.6724118"
"""2001-01-494"",281.2717077"
"""2001-01-495"",278.9728902"
"""2001-01-496"",276.7675878"
"""2001-01-497"",274.6484271"
"""2001-01-498"",272.6088799"
"""2001-01-499"",270.6431388"
"""2001-01-500"",268.7460144"
"""2001-01-501"",826.0775146"
"""2001-01-502"",824.2398671"
"""2001-01-503"",822.3855111"
"""2001-01-504"",820.514035"
"""2001-01-505"",818.6250123"
"""2001-01-506"",816.7180002"
"""2001-01-507"",814.7925393"
"""2001-01-508"",812.8481521"
"""2001-01-509"",810.8843422"
"""2001-01-510"",808.9005932"
"""2001-01-511"",806.8963676"
"""2001-01-512"",804.8711048"
"""2001-01-513"",802.8242203"
"""2001-01-514"",800.7551036"
"""2001-01-515"",798.6631168"
"""2001-01-516"",796.547592"
"""2001-01-517"",794.4078295"
"""2001-01-518"",792.243095"
"""2001-01-519"",790.0526173"
"""2001-01-520"",787.8355848"
"""2001-01-521"",785.5911421"
"""2001-01-522"",783.3183862"
"""2001-01-523"",781.0163627"
"""2001-01-524"",778.68406"
"""2001-01-525"",776.3204048"
"""2001-01-526"",773.9242557"
"""2001-01-527"",771.494396"
"""2001-01-528"",769.0295266"
"""2001-01-529"",766.5282569"
"""2001-01-530"",763.989095"
"""2001-01-531"",761.4104363"
"""2001-01-532"",758.7905509"
"""2001-01-533"",756.127569"
"""2001-01-534"",753.419464"
"""2001-01-535"",750.6640336"
"""2001-01-536"",747.8588779"
"""2001-01-537"",745.0013735"
"""2001-01-538"",742.0886447"
"""2001-01-539"",739.1175287"
"""2001-01-540"",736.0845361"
"""2001-01-541"",732.9858038"
"""2001-01-542"",729.8170397"
"""2001-01-543"",726.5734572"
"""2001-01-544"",723.2496965"
"""2001-01-545"",719.8397311"
"""2001-01-546"",716.3367534"
"""2001-01-547"",712.7330361"
"""2001-01-548"",709.0197609"
"""2001-01-549"",705.1868066"
"""2001-01-550"",701.2224824"
"""2001-01-551"",697.1131899"
"""2001-01-552"",692.8429889"
"""2001-01-553"",688.3930325"
"""2001-01-554"",683.7408215"
"""2001-01-555"",678.8592025"
"""2001-01-556"",673.7150047"
"""2001-01-557"",668.2671381"
"""2001-01-558"",662.463898"
"""2001-01-559"",656.2390489"
"""2001-01-560"",649.5060018"
"""2001-01-561"",642.1489382"
"""2001-01-562"",634.0089563"
"""2001-01-563"",624.8620493"
"""2001-01-564"",614.3840067"
"""2001-01-565"",602.096719"
"""2001-01-566"",587.2986316"
"""2001-01-567"",569.0195091"
"""2001-01-568"",546.0777439"
"""2001-01-569"",517.2382658"
"""2001-01-570"",483.0233371"
"""2001-01-571"",448.5335918"
"""2001-01-572"",418.8249314"
"""2001-01-573"",396.5254231"
"""2001-01-574"",379.8081113"
"""2001-01-575"",366.7486138"
"""2001-01-576"",356.1424952"
"""2001-01-577"",347.2572857"
"""2001-01-578"",339.6307573"
"""2001-01-579"",332.9582586"
"""2001-01-580"",327.030756"
"""2001-01-581"",321.6996671"
"""2001-01-582"",316.8561043"
"""2001-01-583"",312.4181436"
"""2001-01-584"",308.322731"
"""2001-01-585"",304.5203708"
"""2001-01-586"",300.9715366"
"""2001-01-587"",297.6441836"
"""2001-01-588"",294.5119845"
"""2001-01-589"",291.5530524"
"""2001-01-590"",288.7489986"
"""2001-01-591"",286.0842272"
"""2001-01-592"",283.5453972"
"""2001-01-593"",281.1210084"
"""2001-01-594"",278.8010773"
"""2001-01-595"",276.5768817"
"""2001-01-596"",274.4407563"
"""2001-01-597"",272.3859284"
"""2001-01-598"",270.406384"
"""2001-01-599"",268.4967583"
"""2001-01-600"",266.6522453"
"""2001-01-601"",825.7276294"
"""2001-01-602"",823.8845257"
"""2001-01-603"",822.0245566"
"""2001-01-604"",820.147304"
"""2001-01-605"",818.2523344"
"""2001-01-606"",816.3391979"
"""2001-01-607"",814.4074272"
"""2001-01-608"",812.4565365"
"""2001-01-609"",810.486021"
"""2001-01-610"",808.4953549"
"""2001-01-611"",806.4839907"
"""2001-01-612"",804.4513576"
"""2001-01-613"",802.3968598"
"""2001-01-614"",800.3198749"
"""2001-01-615"",798.2197521"
"""2001-01-616"",796.0958099"
"""2001-01-617"",793.9473338"
"""2001-01-618"",791.7735738"
"""2001-01-619"",789.5737413"
"""2001-01-620"",787.3470063"
"""2001-01-621"",785.0924935"
"""2001-01-622"",782.8092782"
"""2001-01-623"",780.496382"
"""2001-01-624"",778.1527678"
"""2001-01-625"",775.7773341"
"""2001-01-626"",773.3689084"
"""2001-01-627"",770.9262403"
"""2001-01-628"",768.4479932"
"""2001-01-629"",765.9327352"
"""2001-01-630"",763.3789288"
"""2001-01-631"",760.7849186"
"""2001-01-632"",758.1489181"
"""2001-01-633"",755.4689944"
"""2001-01-634"",752.7430503"
"""2001-01-635"",749.9688041"
"""2001-01-636"",747.1437659"
"""2001-01-637"",744.2652112"
"""2001-01-638"",741.3301487"
"""2001-01-639"",738.3352846"
"""2001-01-640"",735.2769788"
"""2001-01-641"",732.1511954"
"""2001-01-642"",728.9534421"
"""2001-01-643"",725.6787004"
"""2001-01-644"",722.3213395"
"""2001-01-645"",718.8750147"
"""2001-01-646"",715.3325424"
"""2001-01-647"",711.6857476"
"""2001-01-648"",707.9252758"
"""2001-01-649"",704.040357"
"""2001-01-650"",700.0185089"
"""2001-01-651"",695.8451575"
"""2001-01-652"",691.503147"
"""2001-01-653"",686.9720959"
"""2001-01-654"",682.2275415"
"""2001-01-655"",677.2397788"
"""2001-01-656"",671.9722618"
"""2001-01-657"",666.37935"
"""2001-01-658"",660.4030656"
"""2001-01-659"",653.9683108"
"""2001-01-660"",646.975627"
"""2001-01-661"",639.2899298"
"""2001-01-662"",630.7225304"
"""2001-01-663"",621.00187"
"""2001-01-664"",609.7259284"
"""2001-01-665"",596.2891943"
"""2001-01-666"",579.794008"
"""2001-01-667"",559.0164099"
"""2001-01-668"",532.4905881"
"""2001-01-669"",499.1394762"
"""2001-01-670"",462.4802318"
"""2001-01-671"",428.7851493"
"""2001-01-672"",402.9900806"
"""2001-01-673"",384.1430496"
"""2001-01-674"",369.7933853"
"""2001-01-675"",358.3617724"
"""2001-01-676"",348.9188517"
"""2001-01-677"",340.8976695"
"""2001-01-678"",333.9350179"
"""2001-01-679"",327.7873807"
"""2001-01-680"",322.2848862"
"""2001-01-681"",317.3049434"
"""2001-01-682"",312.7564808"
"""2001-01-683"",308.5701433"
"""2001-01-684"",304.6919729"
"""2001-01-685"",301.0792065"
"""2001-01-686"",297.6974019"
"""2001-01-687"",294.5184218"
"""2001-01-688"",291.5189906"
"""2001-01-689"",288.679638"
"""2001-01-690"",285.9839144"
"""2001-01-691"",283.417797"
"""2001-01-692"",280.969235"
"""2001-01-693"",278.6277959"
"""2001-01-694"",276.3843883"
"""2001-01-695"",274.2310405"
"""2001-01-696"",272.1607236"
"""2001-01-697"",270.1672081"
"""2001-01-698"",268.2449467"
"""2001-01-699"",266.3889778"
"""2001-01-700"",264.5948455"
"""2001-01-701"",825.3762346"
"""2001-01-702"",823.5276229"
"""2001-01-703"",821.6619864"
"""2001-01-704"",819.7789005"
"""2001-01-705"",817.8779245"
"""2001-01-706"",815.9586011"
"""2001-01-707"",814.0204549"
"""2001-01-708"",812.0629919"
"""2001-01-709"",810.0856983"
"""2001-01-710"",808.0880389"
"""2001-01-711"",806.069456"
"""2001-01-712"",804.029368"
"""2001-01-713"",801.9671678"
"""2001-01-714"",799.8822207"
"""2001-01-715"",797.7738626"
"""2001-01-716"",795.6413979"
"""2001-01-717"",793.484097"
"""2001-01-718"",791.3011934"
"""2001-01-719"",789.0918811"
"""2001-01-720"",786.8553108"
"""2001-01-721"",784.5905864"
"""2001-01-722"",782.2967609"
"""2001-01-723"",779.9728314"
"""2001-01-724"",777.617734"
"""2001-01-725"",775.2303379"
"""2001-01-726"",772.8094386"
"""2001-01-727"",770.3537504"
"""2001-01-728"",767.8618978"
"""2001-01-729"",765.332406"
"""2001-01-730"",762.7636896"
"""2001-01-731"",760.1540403"
"""2001-01-732"",757.5016126"
"""2001-01-733"",754.8044075"
"""2001-01-734"",752.0602535"
"""2001-01-735"",749.2667854"
"""2001-01-736"",746.4214193"
"""2001-01-737"",743.5213236"
"""2001-01-738"",740.5633855"
"""2001-01-739"",737.544172"
"""2001-01-740"",734.4598839"
"""2001-01-741"",731.3063013"
"""2001-01-742"",728.0787194"
"""2001-01-743"",724.7718718"
"""2001-01-744"",721.3798379"
"""2001-01-745"",717.8959313"
"""2001-01-746"",714.3125634"
"""2001-01-747"",710.6210759"
"""2001-01-748"",706.8115318"
"""2001-01-749"",702.872454"
"""2001-01-750"",698.7904936"
"""2001-01-751"",694.550002"
"""2001-01-752"",690.1324761"
"""2001-01-753"",685.5158224"
"""2001-01-754"",680.6733699"
"""2001-01-755"",675.5725178"
"""2001-01-756"",670.1728526"
"""2001-01-757"",664.4234553"
"""2001-01-758"",658.2589737"
"""2001-01-759"",651.5937265"
"""2001-01-760"",644.3125985"
"""2001-01-761"",636.2565604"
"""2001-01-762"",627.1989699"
"""2001-01-763"",616.8059867"
"""2001-01-764"",604.5708376"
"""2001-01-765"",589.7133549"
"""2001-01-766"",571.0700652"
"""2001-01-767"",547.0818534"
"""2001-01-768"",515.9470281"
"""2001-01-769"",478.2347314"
"""2001-01-770"",440.8985655"
"""2001-01-771"",410.7494067"
"""2001-01-772"",389.168279"
"""2001-01-773"",373.2263564"
"""2001-01-774"",360.8140297"
"""2001-01-775"",350.7281711"
"""2001-01-776"",342.2624831"
"""2001-01-777"",334.9788821"
"""2001-01-778"",328.5911929"
"""2001-01-779"",322.9039085"
"""2001-01-780"",317.7782987"
"""2001-01-781"",313.1127155"
"""2001-01-782"",308.8306275"
"""2001-01-783"",304.8730609"
"""2001-01-784"",301.193654"
"""2001-01-785"",297.7553236"
"""2001-01-786"",294.5279556"
"""2001-01-787"",291.4867678"
"""2001-01-788"",288.6111244"
"""2001-01-789"",285.8836604"
"""2001-01-790"",283.2896261"
"""2001-01-791"",280.8163858"
"""2001-01-792"",278.4530327"
"""2001-01-793"",276.1900858"
"""2001-01-794"",274.0192517"
"""2001-01-795"",271.9332334"
"""2001-01-796"",269.9255764"
"""2001-01-797"",267.9905432"
"""2001-01-798"",266.1230106"
"""2001-01-799"",264.3183844"
"""2001-01-800"",262.572529"
"""2001-01-801"",825.0233145"
"""2001-01-802"",823.1691421"
"""2001-01-803"",821.2977832"
"""2001-01-804"",819.4088062"
"""2001-01-805"",817.5017633"
"""2001-01-806"",815.5761893"
"""2001-01-807"",813.6316009"
"""2001-01-808"",811.6674956"
"""2001-01-809"",809.6833501"
"""2001-01-810"",807.6786197"
"""2001-01-811"",805.6527364"
"""2001-01-812"",803.6051076"
"""2001-01-813"",801.5351141"
"""2001-01-814"",799.4421088"
"""2001-01-815"",797.325414"
"""2001-01-816"",795.1843195"
"""2001-01-817"",793.0180801"
"""2001-01-818"",790.8259125"
"""2001-01-819"",788.6069924"
"""2001-01-820"",786.3604507"
"""2001-01-821"",784.08537"
"""2001-01-822"",781.78078"
"""2001-01-823"",779.4456524"
"""2001-01-824"",777.0788957"
"""2001-01-825"",774.6793485"
"""2001-01-826"",772.2457731"
"""2001-01-827"",769.7768472"
"""2001-01-828"",767.2711547"
"""2001-01-829"",764.727176"
"""2001-01-830"",762.1432759"
"""2001-01-831"",759.5176908"
"""2001-01-832"",756.8485135"
"""2001-01-833"",754.1336754"
"""2001-01-834"",751.3709275"
"""2001-01-835"",748.5578169"
"""2001-01-836"",745.6916602"
"""2001-01-837"",742.7695133"
"""2001-01-838"",739.7881349"
"""2001-01-839"",736.743945"
"""2001-01-840"",733.6329753"
"""2001-01-841"",730.4508105"
"""2001-01-842"",727.1925193"
"""2001-01-843"",723.8525704"
"""2001-01-844"",720.4247327"
"""2001-01-845"",716.9019527"
"""2001-01-846"",713.2762051"
"""2001-01-847"",709.5383076"
"""2001-01-848"",705.6776906"
"""2001-01-849"",701.6821046"
"""2001-01-850"",697.5372488"
"""2001-01-851"",693.2262883"
"""2001-01-852"",688.7292223"
"""2001-01-853"",684.0220402"
"""2001-01-854"",679.0755775"
"""2001-01-855"",673.8539333"
"""2001-01-856"",668.3122351"
"""2001-01-857"",662.393404"
"""2001-01-858"",656.0233523"
"""2001-01-859"",649.103642"
"""2001-01-860"",641.4998998"
"""2001-01-861"",633.0229285"
"""2001-01-862"",623.3969205"
"""2001-01-863"",612.2048294"
"""2001-01-864"",598.7957284"
"""2001-01-865"",582.1453983"
"""2001-01-866"",560.7260223"
"""2001-01-867"",532.5133155"
"""2001-01-868"",495.7951744"
"""2001-01-869"",455.4656911"
"""2001-01-870"",420.2561793"
"""2001-01-871"",395.0942259"
"""2001-01-872"",377.1418988"
"""2001-01-873"",363.5448523"
"""2001-01-874"",352.7090055"
"""2001-01-875"",343.7384186"
"""2001-01-876"",336.0976114"
"""2001-01-877"",329.4469478"
"""2001-01-878"",323.559749"
"""2001-01-879"",318.2781339"
"""2001-01-880"",313.4881521"
"""2001-01-881"",309.1050628"
"""2001-01-882"",305.0642323"
"""2001-01-883"",301.3152859"
"""2001-01-884"",297.8182245"
"""2001-01-885"",294.5407698"
"""2001-01-886"",291.4565033"
"""2001-01-887"",288.5435306"
"""2001-01-888"",285.7835051"
"""2001-01-889"",283.1609004"
"""2001-01-890"",280.6624598"
"""2001-01-891"",278.276774"
"""2001-01-892"",275.9939517"
"""2001-01-893"",273.8053614"
"""2001-01-894"",271.7034252"
"""2001-01-895"",269.6814535"
"""2001-01-896"",267.7335107"
"""2001-01-897"",265.8543056"
"""2001-01-898"",264.0391007"
"""2001-01-899"",262.2836374"
"""2001-01-900"",260.584073"
"""2001-01-901"",824.6688532"
"""2001-01-902"",822.8090667"
"""2001-01-903"",820.9319293"
"""2001-01-904"",819.0370025"
"""2001-01-905"",817.123831"
"""2001-01-906"",815.1919419"
"""2001-01-907"",813.2408434"
"""2001-01-908"",811.2700243"
"""2001-01-909"",809.278952"
"""2001-01-910"",807.2670716"
"""2001-01-911"",805.2338047"
"""2001-01-912"",803.1785471"
"""2001-01-913"",801.1006677"
"""2001-01-914"",798.9995063"
"""2001-01-915"",796.8743713"
"""2001-01-916"",794.7245375"
"""2001-01-917"",792.5492435"
"""2001-01-918"",790.3476887"
"""2001-01-919"",788.1190298"
"""2001-01-920"",785.8623776"
"""2001-01-921"",783.5767924"
"""2001-01-922"",781.2612798"
"""2001-01-923"",778.9147851"
"""2001-01-924"",776.5361881"
"""2001-01-925"",774.1242962"
"""2001-01-926"",771.6778367"
"""2001-01-927"",769.1954491"
"""2001-01-928"",766.6756754"
"""2001-01-929"",764.1169491"
"""2001-01-930"",761.5175831"
"""2001-01-931"",758.8757559"
"""2001-01-932"",756.1894954"
"""2001-01-933"",753.4566608"
"""2001-01-934"",750.6749211"
"""2001-01-935"",747.8417313"
"""2001-01-936"",744.9543035"
"""2001-01-937"",742.0095745"
"""2001-01-938"",739.0041675"
"""2001-01-939"",735.9343466"
"""2001-01-940"",732.7959639"
"""2001-01-941"",729.5843965"
"""2001-01-942"",726.2944711"
"""2001-01-943"",722.9203735"
"""2001-01-944"",719.4555391"
"""2001-01-945"",715.8925193"
"""2001-01-946"",712.2228169"
"""2001-01-947"",708.4366818"
"""2001-01-948"",704.5228547"
"""2001-01-949"",700.4682407"
"""2001-01-950"",696.2574914"
"""2001-01-951"",691.8724577"
"""2001-01-952"",687.2914689"
"""2001-01-953"",682.4883596"
"""2001-01-954"",677.4311381"
"""2001-01-955"",672.0801219"
"""2001-01-956"",666.3852701"
"""2001-01-957"",660.2822629"
"""2001-01-958"",653.6865777"
"""2001-01-959"",646.4842446"
"""2001-01-960"",638.5169046"
"""2001-01-961"",629.5567634"
"""2001-01-962"",619.2631069"
"""2001-01-963"",607.1051743"
"""2001-01-964"",592.2287227"
"""2001-01-965"",573.2617299"
"""2001-01-966"",548.1654316"
"""2001-01-967"",514.3081435"
"""2001-01-968"",472.3678778"
"""2001-01-969"",432.1220419"
"""2001-01-970"",402.2307908"
"""2001-01-971"",381.671124"
"""2001-01-972"",366.6140732"
"""2001-01-973"",354.8911618"
"""2001-01-974"",345.3414861"
"""2001-01-975"",337.3003476"
"""2001-01-976"",330.3601267"
"""2001-01-977"",324.2558232"
"""2001-01-978"",318.8066419"
"""2001-01-979"",313.884231"
"""2001-01-980"",309.3944106"
"""2001-01-981"",305.2661353"
"""2001-01-982"",301.4445406"
"""2001-01-983"",297.8863998"
"""2001-01-984"",294.5570608"
"""2001-01-985"",291.4283238"
"""2001-01-986"",288.4769343"
"""2001-01-987"",285.6834907"
"""2001-01-988"",283.0316371"
"""2001-01-989"",280.5074562"
"""2001-01-990"",278.0990063"
"""2001-01-991"",275.7959635"
"""2001-01-992"",273.5893406"
"""2001-01-993"",271.4712656"
"""2001-01-994"",269.4348032"
"""2001-01-995"",267.4738113"
"""2001-01-996"",265.582824"
"""2001-01-997"",263.7569552"
"""2001-01-998"",261.9918192"
"""2001-01-999"",260.2834637"
"""2001-01-1000"",258.6283148"
"""2001-01-1001"",824.3128346"
"""2001-01-1002"",822.4473797"
"""2001-01-1003"",820.5644069"
"""2001-01-1004"",818.6634705"
"""2001-01-1005"",816.7441078"
"""2001-01-1006"",814.8058377"
"""2001-01-1007"",812.8481602"
"""2001-01-1008"",810.8705546"
"""2001-01-1009"",808.8724789"
"""2001-01-1010"",806.8533681"
"""2001-01-1011"",804.8126327"
"""2001-01-1012"",802.7496569"
"""2001-01-1013"",800.6637971"
"""2001-01-1014"",798.5543797"
"""2001-01-1015"",796.4206987"
"""2001-01-1016"",794.2620137"
"""2001-01-1017"",792.0775465"
"""2001-01-1018"",789.8664785"
"""2001-01-1019"",787.6279471"
"""2001-01-1020"",785.3610418"
"""2001-01-1021"",783.0648002"
"""2001-01-1022"",780.7382028"
"""2001-01-1023"",778.3801678"
"""2001-01-1024"",775.9895451"
"""2001-01-1025"",773.5651092"
"""2001-01-1026"",771.1055517"
"""2001-01-1027"",768.6094722"
"""2001-01-1028"",766.0753688"
"""2001-01-1029"",763.5016261"
"""2001-01-1030"",760.8865029"
"""2001-01-1031"",758.2281171"
"""2001-01-1032"",755.5244288"
"""2001-01-1033"",752.7732211"
"""2001-01-1034"",749.9720772"
"""2001-01-1035"",747.1183549"
"""2001-01-1036"",744.2091564"
"""2001-01-1037"",741.2412928"
"""2001-01-1038"",738.2112435"
"""2001-01-1039"",735.1151077"
"""2001-01-1040"",731.9485467"
"""2001-01-1041"",728.7067163"
"""2001-01-1042"",725.3841848"
"""2001-01-1043"",721.9748349"
"""2001-01-1044"",718.4717438"
"""2001-01-1045"",714.8670369"
"""2001-01-1046"",711.1517065"
"""2001-01-1047"",707.3153853"
"""2001-01-1048"",703.346061"
"""2001-01-1049"",699.2297114"
"""2001-01-1050"",694.9498313"
"""2001-01-1051"",690.4868124"
"""2001-01-1052"",685.817115"
"""2001-01-1053"",680.9121421"
"""2001-01-1054"",675.7366814"
"""2001-01-1055"",670.2466943"
"""2001-01-1056"",664.3861094"
"""2001-01-1057"",658.082031"
"""2001-01-1058"",651.2373553"
"""2001-01-1059"",643.7189854"
"""2001-01-1060"",635.3382661"
"""2001-01-1061"",625.8171473"
"""2001-01-1062"",614.7273321"
"""2001-01-1063"",601.3785196"
"""2001-01-1064"",584.6217114"
"""2001-01-1065"",562.5784352"
"""2001-01-1066"",532.4586913"
"""2001-01-1067"",491.5782964"
"""2001-01-1068"",447.0004322"
"""2001-01-1069"",411.048221"
"""2001-01-1070"",387.0025413"
"""2001-01-1071"",370.1022267"
"""2001-01-1072"",357.3127071"
"""2001-01-1073"",347.0913257"
"""2001-01-1074"",338.5979639"
"""2001-01-1075"",331.3370934"
"""2001-01-1076"",324.9960214"
"""2001-01-1077"",319.3662822"
"""2001-01-1078"",314.3025473"
"""2001-01-1079"",309.6997244"
"""2001-01-1080"",305.4794738"
"""2001-01-1081"",301.581891"
"""2001-01-1082"",297.9601663"
"""2001-01-1083"",294.577038"
"""2001-01-1084"",291.402364"
"""2001-01-1085"",288.4114176"
"""2001-01-1086"",285.5836624"
"""2001-01-1087"",282.9018549"
"""2001-01-1088"",280.3513746"
"""2001-01-1089"",277.9197159"
"""2001-01-1090"",275.5960979"
"""2001-01-1091"",273.3711597"
"""2001-01-1092"",271.2367206"
"""2001-01-1093"",269.1855885"
"""2001-01-1094"",267.2114063"
"""2001-01-1095"",265.3085263"
"""2001-01-1096"",263.4719084"
"""2001-01-1097"",261.697035"
"""2001-01-1098"",259.9798409"
"""2001-01-1099"",258.3166544"
"""2001-01-1100"",256.7041479"
"""2001-01-1101"",823.9552422"
"""2001-01-1102"",822.0840636"
"""2001-01-1103"",820.1951976"
"""2001-01-1104"",818.288191"
"""2001-01-1105"",816.3625734"
"""2001-01-1106"",814.4178555"
"""2001-01-1107"",812.4535284"
"""2001-01-1108"",810.4690624"
"""2001-01-1109"",808.4639056"
"""2001-01-1110"",806.4374823"
"""2001-01-1111"",804.3891918"
"""2001-01-1112"",802.3184065"
"""2001-01-1113"",800.2244699"
"""2001-01-1114"",798.1066946"
"""2001-01-1115"",795.9643599"
"""2001-01-1116"",793.7967093"
"""2001-01-1117"",791.6029475"
"""2001-01-1118"",789.3822375"
"""2001-01-1119"",787.1336965"
"""2001-01-1120"",784.8563923"
"""2001-01-1121"",782.5493387"
"""2001-01-1122"",780.2114903"
"""2001-01-1123"",777.8417372"
"""2001-01-1124"",775.4388982"
"""2001-01-1125"",773.0017139"
"""2001-01-1126"",770.5288384"
"""2001-01-1127"",768.01883"
"""2001-01-1128"",765.4701407"
"""2001-01-1129"",762.8811045"
"""2001-01-1130"",760.2499234"
"""2001-01-1131"",757.574652"
"""2001-01-1132"",754.8531793"
"""2001-01-1133"",752.0832085"
"""2001-01-1134"",749.2622325"
"""2001-01-1135"",746.3875071"
"""2001-01-1136"",743.4560182"
"""2001-01-1137"",740.4644442"
"""2001-01-1138"",737.4091125"
"""2001-01-1139"",734.2859468"
"""2001-01-1140"",731.0904058"
"""2001-01-1141"",727.8174092"
"""2001-01-1142"",724.4612491"
"""2001-01-1143"",721.015483"
"""2001-01-1144"",717.4728029"
"""2001-01-1145"",713.8248742"
"""2001-01-1146"",710.0621354"
"""2001-01-1147"",706.1735475"
"""2001-01-1148"",702.1462745"
"""2001-01-1149"",697.9652736"
"""2001-01-1150"",693.6127599"
"""2001-01-1151"",689.0674984"
"""2001-01-1152"",684.3038503"
"""2001-01-1153"",679.2904636"
"""2001-01-1154"",673.9884377"
"""2001-01-1155"",668.3486872"
"""2001-01-1156"",662.3080552"
"""2001-01-1157"",655.7834022"
"""2001-01-1158"",648.6622994"
"""2001-01-1159"",640.7877927"
"""2001-01-1160"",631.932344"
"""2001-01-1161"",621.7511267"
"""2001-01-1162"",609.69461"
"""2001-01-1163"",594.84172"
"""2001-01-1164"",575.6028383"
"""2001-01-1165"",549.3396884"
"""2001-01-1166"",512.1890745"
"""2001-01-1167"",465.0978243"
"""2001-01-1168"",422.2665906"
"""2001-01-1169"",393.4183913"
"""2001-01-1170"",374.1210101"
"""2001-01-1171"",360.0232877"
"""2001-01-1172"",349.01239"
"""2001-01-1173"",340.003531"
"""2001-01-1174"",332.3852948"
"""2001-01-1175"",325.7848012"
"""2001-01-1176"",319.9598262"
"""2001-01-1177"",314.7448742"
"""2001-01-1178"",310.0221626"
"""2001-01-1179"",305.7050151"
"""2001-01-1180"",301.7278483"
"""2001-01-1181"",298.0398642"
"""2001-01-1182"",294.600925"
"""2001-01-1183"",291.3787672"
"""2001-01-1184"",288.3470677"
"""2001-01-1185"",285.4840678"
"""2001-01-1186"",282.7715735"
"""2001-01-1187"",280.194215"
"""2001-01-1188"",277.7388888"
"""2001-01-1189"",275.3943313"
"""2001-01-1190"",273.1507883"
"""2001-01-1191"",270.9997552"
"""2001-01-1192"",268.9337717"
"""2001-01-1193"",266.9462563"
"""2001-01-1194"",265.0313724"
"""2001-01-1195"",263.1839198"
"""2001-01-1196"",261.3992447"
"""2001-01-1197"",259.6731649"
"""2001-01-1198"",258.0019083"
"""2001-01-1199"",256.38206"
"""2001-01-1200"",254.8105188"
"""2001-01-1201"",823.5960593"
"""2001-01-1202"",821.719101"
"""2001-01-1203"",819.8242828"
"""2001-01-1204"",817.9111443"
"""2001-01-1205"",815.979207"
"""2001-01-1206"",814.0279731"
"""2001-01-1207"",812.056925"
"""2001-01-1208"",810.0655233"
"""2001-01-1209"",808.0532059"
"""2001-01-1210"",806.0193866"
"""2001-01-1211"",803.963453"
"""2001-01-1212"",801.8847651"
"""2001-01-1213"",799.7826533"
"""2001-01-1214"",797.656416"
"""2001-01-1215"",795.5053173"
"""2001-01-1216"",793.3285843"
"""2001-01-1217"",791.1254041"
"""2001-01-1218"",788.8949203"
"""2001-01-1219"",786.6362295"
"""2001-01-1220"",784.3483769"
"""2001-01-1221"",782.0303517"
"""2001-01-1222"",779.681082"
"""2001-01-1223"",777.2994283"
"""2001-01-1224"",774.8841774"
"""2001-01-1225"",772.4340345"
"""2001-01-1226"",769.9476146"
"""2001-01-1227"",767.4234331"
"""2001-01-1228"",764.8598942"
"""2001-01-1229"",762.2552786"
"""2001-01-1230"",759.6077292"
"""2001-01-1231"",756.915234"
"""2001-01-1232"",754.1756078"
"""2001-01-1233"",751.3864696"
"""2001-01-1234"",748.5452176"
"""2001-01-1235"",745.6489999"
"""2001-01-1236"",742.6946797"
"""2001-01-1237"",739.6787952"
"""2001-01-1238"",736.5975124"
"""2001-01-1239"",733.4465689"
"""2001-01-1240"",730.2212075"
"""2001-01-1241"",726.9160957"
"""2001-01-1242"",723.5252302"
"""2001-01-1243"",720.0418193"
"""2001-01-1244"",716.4581396"
"""2001-01-1245"",712.765359"
"""2001-01-1246"",708.9533149"
"""2001-01-1247"",705.0102351"
"""2001-01-1248"",700.9223804"
"""2001-01-1249"",696.6735822"
"""2001-01-1250"",692.2446351"
"""2001-01-1251"",687.612485"
"""2001-01-1252"",682.7491262"
"""2001-01-1253"",677.62007"
"""2001-01-1254"",672.1821705"
"""2001-01-1255"",666.3804568"
"""2001-01-1256"",660.1433833"
"""2001-01-1257"",653.3754597"
"""2001-01-1258"",645.945373"
"""2001-01-1259"",637.6659814"
"""2001-01-1260"",628.258915"
"""2001-01-1261"",617.2885"
"""2001-01-1262"",604.0322618"
"""2001-01-1263"",587.2231619"
"""2001-01-1264"",564.5896544"
"""2001-01-1265"",532.2941229"
"""2001-01-1266"",486.1543774"
"""2001-01-1267"",436.9058026"
"""2001-01-1268"",401.3614825"
"""2001-01-1269"",378.8310522"
"""2001-01-1270"",363.0892757"
"""2001-01-1271"",351.1356484"
"""2001-01-1272"",341.5329529"
"""2001-01-1273"",333.5135222"
"""2001-01-1274"",326.6273033"
"""2001-01-1275"",320.5904121"
"""2001-01-1276"",315.2131903"
"""2001-01-1277"",310.3630024"
"""2001-01-1278"",305.9435963"
"""2001-01-1279"",301.882966"
"""2001-01-1280"",298.1258593"
"""2001-01-1281"",294.6289614"
"""2001-01-1282"",291.3576863"
"""2001-01-1283"",288.2839774"
"""2001-01-1284"",285.3847577"
"""2001-01-1285"",282.6408142"
"""2001-01-1286"",280.0359781"
"""2001-01-1287"",277.5565111"
"""2001-01-1288"",275.1906396"
"""2001-01-1289"",272.9281952"
"""2001-01-1290"",270.7603338"
"""2001-01-1291"",268.6793143"
"""2001-01-1292"",266.678321"
"""2001-01-1293"",264.7513211"
"""2001-01-1294"",262.8929483"
"""2001-01-1295"",261.0984075"
"""2001-01-1296"",259.3633958"
"""2001-01-1297"",257.6840374"
"""2001-01-1298"",256.0568276"
"""2001-01-1299"",254.4785875"
"""2001-01-1300"",252.9464238"
"""2001-01-1301"",823.235269"
"""2001-01-1302"",821.3524739"
"""2001-01-1303"",819.4516438"
"""2001-01-1304"",817.5323106"
"""2001-01-1305"",815.5939876"
"""2001-01-1306"",813.6361685"
"""2001-01-1307"",811.6583265"
"""2001-01-1308"",809.6599123"
"""2001-01-1309"",807.6403537"
"""2001-01-1310"",805.5990531"
"""2001-01-1311"",803.5353864"
"""2001-01-1312"",801.448701"
"""2001-01-1313"",799.3383136"
"""2001-01-1314"",797.2035081"
"""2001-01-1315"",795.0435328"
"""2001-01-1316"",792.8575981"
"""2001-01-1317"",790.6448725"
"""2001-01-1318"",788.4044801"
"""2001-01-1319"",786.1354959"
"""2001-01-1320"",783.8369419"
"""2001-01-1321"",781.5077818"
"""2001-01-1322"",779.1469158"
"""2001-01-1323"",776.7531743"
"""2001-01-1324"",774.3253104"
"""2001-01-1325"",771.8619927"
"""2001-01-1326"",769.3617957"
"""2001-01-1327"",766.8231896"
"""2001-01-1328"",764.244529"
"""2001-01-1329"",761.6240391"
"""2001-01-1330"",758.9598005"
"""2001-01-1331"",756.2497319"
"""2001-01-1332"",753.4915698"
"""2001-01-1333"",750.6828451"
"""2001-01-1334"",747.8208562"
"""2001-01-1335"",744.9026376"
"""2001-01-1336"",741.9249228"
"""2001-01-1337"",738.8841016"
"""2001-01-1338"",735.7761689"
"""2001-01-1339"",732.5966645"
"""2001-01-1340"",729.3406007"
"""2001-01-1341"",726.0023761"
"""2001-01-1342"",722.5756701"
"""2001-01-1343"",719.0533155"
"""2001-01-1344"",715.427141"
"""2001-01-1345"",711.6877751"
"""2001-01-1346"",707.8244013"
"""2001-01-1347"",703.8244454"
"""2001-01-1348"",699.6731754"
"""2001-01-1349"",695.3531777"
"""2001-01-1350"",690.8436647"
"""2001-01-1351"",686.1195407"
"""2001-01-1352"",681.15012"
"""2001-01-1353"",675.8973247"
"""2001-01-1354"",670.3130936"
"""2001-01-1355"",664.3355448"
"""2001-01-1356"",657.8831157"
"""2001-01-1357"",650.8452706"
"""2001-01-1358"",643.0671227"
"""2001-01-1359"",634.3226965"
"""2001-01-1360"",624.2657374"
"""2001-01-1361"",612.333476"
"""2001-01-1362"",597.547685"
"""2001-01-1363"",578.1003312"
"""2001-01-1364"",550.6181493"
"""2001-01-1365"",509.3826658"
"""2001-01-1366"",455.8995642"
"""2001-01-1367"",411.5610033"
"""2001-01-1368"",384.4738154"
"""2001-01-1369"",366.602082"
"""2001-01-1370"",353.5011165"
"""2001-01-1371"",343.205851"
"""2001-01-1372"",334.7322571"
"""2001-01-1373"",327.5295005"
"""2001-01-1374"",321.2616131"
"""2001-01-1375"",315.7097125"
"""2001-01-1376"",310.7236565"
"""2001-01-1377"",306.1961343"
"""2001-01-1378"",302.0478448"
"""2001-01-1379"",298.2185459"
"""2001-01-1380"",294.6614034"
"""2001-01-1381"",291.339284"
"""2001-01-1382"",288.2222451"
"""2001-01-1383"",285.2857859"
"""2001-01-1384"",282.5095996"
"""2001-01-1385"",279.8766646"
"""2001-01-1386"",277.3725684"
"""2001-01-1387"",274.9849981"
"""2001-01-1388"",272.7033487"
"""2001-01-1389"",270.51842"
"""2001-01-1390"",268.4221768"
"""2001-01-1391"",266.4075595"
"""2001-01-1392"",264.4683307"
"""2001-01-1393"",262.598952"
"""2001-01-1394"",260.7944819"
"""2001-01-1395"",259.0504929"
"""2001-01-1396"",257.363002"
"""2001-01-1397"",255.7284123"
"""2001-01-1398"",254.1434649"
"""2001-01-1399"",252.6051968"
"""2001-01-1400"",251.1109064"
"""2001-01-1401"",822.8728539"
"""2001-01-1402"",820.984164"
"""2001-01-1403"",819.0772612"
"""2001-01-1404"",817.1516694"
"""2001-01-1405"",815.2068937"
"""2001-01-1406"",813.242419"
"""2001-01-1407"",811.2577088"
"""2001-01-1408"",809.2522041"
"""2001-01-1409"",807.2253218"
"""2001-01-1410"",805.1764531"
"""2001-01-1411"",803.1049617"
"""2001-01-1412"",801.0101819"
"""2001-01-1413"",798.8914165"
"""2001-01-1414"",796.7479342"
"""2001-01-1415"",794.5789675"
"""2001-01-1416"",792.3837088"
"""2001-01-1417"",790.1613083"
"""2001-01-1418"",787.9108692"
"""2001-01-1419"",785.6314447"
"""2001-01-1420"",783.3220324"
"""2001-01-1421"",780.9815698"
"""2001-01-1422"",778.6089282"
"""2001-01-1423"",776.2029064"
"""2001-01-1424"",773.762223"
"""2001-01-1425"",771.2855082"
"""2001-01-1426"",768.7712943"
"""2001-01-1427"",766.2180047"
"""2001-01-1428"",763.6239419"
"""2001-01-1429"",760.9872729"
"""2001-01-1430"",758.3060135"
"""2001-01-1431"",755.5780097"
"""2001-01-1432"",752.8009156"
"""2001-01-1433"",749.9721697"
"""2001-01-1434"",747.088965"
"""2001-01-1435"",744.1482161"
"""2001-01-1436"",741.1465197"
"""2001-01-1437"",738.0801082"
"""2001-01-1438"",734.9447949"
"""2001-01-1439"",731.7359088"
"""2001-01-1440"",728.4482166"
"""2001-01-1441"",725.0758286"
"""2001-01-1442"",721.6120842"
"""2001-01-1443"",718.0494117"
"""2001-01-1444"",714.379155"
"""2001-01-1445"",710.5913579"
"""2001-01-1446"",706.6744901"
"""2001-01-1447"",702.6150992"
"""2001-01-1448"",698.3973583"
"""2001-01-1449"",694.0024728"
"""2001-01-1450"",689.4078873"
"""2001-01-1451"",684.5862056"
"""2001-01-1452"",679.5036931"
"""2001-01-1453"",674.118144"
"""2001-01-1454"",668.3757688"
"""2001-01-1455"",662.2065085"
"""2001-01-1456"",655.5167269"
"""2001-01-1457"",648.1773459"
"""2001-01-1458"",640.0036143"
"""2001-01-1459"",630.7186409"
"""2001-01-1460"",619.8832091"
"""2001-01-1461"",606.7506851"
"""2001-01-1462"",589.9477337"
"""2001-01-1463"",566.776726"
"""2001-01-1464"",531.9700119"
"""2001-01-1465"",479.0347666"
"""2001-01-1466"",425.2468376"
"""2001-01-1467"",391.4327467"
"""2001-01-1468"",370.6922504"
"""2001-01-1469"",356.1617354"
"""2001-01-1470"",345.0468216"
"""2001-01-1471"",336.0541363"
"""2001-01-1472"",328.4983875"
"""2001-01-1473"",321.9775218"
"""2001-01-1474"",316.2369367"
"""2001-01-1475"",311.1056931"
"""2001-01-1476"",306.4636351"
"""2001-01-1477"",302.223138"
"""2001-01-1478"",298.3183493"
"""2001-01-1479"",294.698526"
"""2001-01-1480"",291.3237341"
"""2001-01-1481"",288.1619757"
"""2001-01-1482"",285.1872096"
"""2001-01-1483"",282.3779541"
"""2001-01-1484"",279.7162761"
"""2001-01-1485"",277.1870465"
"""2001-01-1486"",274.7773814"
"""2001-01-1487"",272.4762162"
"""2001-01-1488"",270.2739762"
"""2001-01-1489"",268.1623188"
"""2001-01-1490"",266.1339296"
"""2001-01-1491"",264.1823585"
"""2001-01-1492"",262.3018882"
"""2001-01-1493"",260.4874257"
"""2001-01-1494"",258.7344148"
"""2001-01-1495"",257.0387619"
"""2001-01-1496"",255.3967751"
"""2001-01-1497"",253.8051132"
"""2001-01-1498"",252.2607419"
"""2001-01-1499"",250.7608973"
"""2001-01-1500"",249.3030543"
"""2001-01-1501"",822.5087965"
"""2001-01-1502"",820.6141529"
"""2001-01-1503"",818.7011155"
"""2001-01-1504"",816.7692003"
"""2001-01-1505"",814.8179036"
"""2001-01-1506"",812.8467013"
"""2001-01-1507"",810.8550474"
"""2001-01-1508"",808.8423726"
"""2001-01-1509"",806.8080828"
"""2001-01-1510"",804.7515575"
"""2001-01-1511"",802.6721478"
"""2001-01-1512"",800.5691748"
"""2001-01-1513"",798.4419268"
"""2001-01-1514"",796.289657"
"""2001-01-1515"",794.1115812"
"""2001-01-1516"",791.9068739"
"""2001-01-1517"",789.6746657"
"""2001-01-1518"",787.4140388"
"""2001-01-1519"",785.1240233"
"""2001-01-1520"",782.803592"
"""2001-01-1521"",780.4516549"
"""2001-01-1522"",778.0670536"
"""2001-01-1523"",775.6485541"
"""2001-01-1524"",773.1948388"
"""2001-01-1525"",770.7044982"
"""2001-01-1526"",768.1760205"
"""2001-01-1527"",765.6077804"
"""2001-01-1528"",762.9980258"
"""2001-01-1529"",760.3448632"
"""2001-01-1530"",757.6462402"
"""2001-01-1531"",754.8999264"
"""2001-01-1532"",752.1034899"
"""2001-01-1533"",749.2542713"
"""2001-01-1534"",746.349353"
"""2001-01-1535"",743.3855229"
"""2001-01-1536"",740.3592328"
"""2001-01-1537"",737.2665481"
"""2001-01-1538"",734.1030891"
"""2001-01-1539"",730.8639604"
"""2001-01-1540"",727.5436664"
"""2001-01-1541"",724.1360083"
"""2001-01-1542"",720.6339598"
"""2001-01-1543"",717.029513"
"""2001-01-1544"",713.3134873"
"""2001-01-1545"",709.4752897"
"""2001-01-1546"",705.5026107"
"""2001-01-1547"",701.3810323"
"""2001-01-1548"",697.093518"
"""2001-01-1549"",692.6197365"
"""2001-01-1550"",687.9351491"
"""2001-01-1551"",683.0097574"
"""2001-01-1552"",677.8063411"
"""2001-01-1553"",672.2779185"
"""2001-01-1554"",666.363979"
"""2001-01-1555"",659.984705"
"""2001-01-1556"",653.0317563"
"""2001-01-1557"",645.3529007"
"""2001-01-1558"",636.7249115"
"""2001-01-1559"",626.8026409"
"""2001-01-1560"",615.0156988"
"""2001-01-1561"",600.3403428"
"""2001-01-1562"",580.7590179"
"""2001-01-1563"",552.017326"
"""2001-01-1564"",505.5479691"
"""2001-01-1565"",444.2444516"
"""2001-01-1566"",400.3595255"
"""2001-01-1567"",375.5548094"
"""2001-01-1568"",359.1895667"
"""2001-01-1569"",347.0872762"
"""2001-01-1570"",337.4945902"
"""2001-01-1571"",329.5422302"
"""2001-01-1572"",322.7428572"
"""2001-01-1573"",316.7976861"
"""2001-01-1574"",311.51086"
"""2001-01-1575"",306.7472063"
"""2001-01-1576"",302.4095576"
"""2001-01-1577"",298.4257296"
"""2001-01-1578"",294.7406245"
"""2001-01-1579"",291.3112223"
"""2001-01-1580"",288.1032806"
"""2001-01-1581"",285.0890898"
"""2001-01-1582"",282.2459036"
"""2001-01-1583"",279.5548144"
"""2001-01-1584"",276.9999305"
"""2001-01-1585"",274.5677637"
"""2001-01-1586"",272.2467642"
"""2001-01-1587"",270.0269642"
"""2001-01-1588"",267.8996991"
"""2001-01-1589"",265.8573885"
"""2001-01-1590"",263.893361"
"""2001-01-1591"",262.0017134"
"""2001-01-1592"",260.1771962"
"""2001-01-1593"",258.4151196"
"""2001-01-1594"",256.7112761"
"""2001-01-1595"",255.0618763"
"""2001-01-1596"",253.4634943"
"""2001-01-1597"",251.9130225"
"""2001-01-1598"",250.4076333"
"""2001-01-1599"",248.9447455"
"""2001-01-1600"",247.521997"
"""2001-01-1601"",822.1430788"
"""2001-01-1602"",820.2424216"
"""2001-01-1603"",818.3231868"
"""2001-01-1604"",816.384882"
"""2001-01-1605"",814.4269949"
"""2001-01-1606"",812.448992"
"""2001-01-1607"",810.4503175"
"""2001-01-1608"",808.4303915"
"""2001-01-1609"",806.3886086"
"""2001-01-1610"",804.3243364"
"""2001-01-1611"",802.2369132"
"""2001-01-1612"",800.1256461"
"""2001-01-1613"",797.9898086"
"""2001-01-1614"",795.8286381"
"""2001-01-1615"",793.6413331"
"""2001-01-1616"",791.4270496"
"""2001-01-1617"",789.1848979"
"""2001-01-1618"",786.9139387"
"""2001-01-1619"",784.613178"
"""2001-01-1620"",782.2815628"
"""2001-01-1621"",779.9179749"
"""2001-01-1622"",777.5212249"
"""2001-01-1623"",775.0900447"
"""2001-01-1624"",772.6230791"
"""2001-01-1625"",770.1188774"
"""2001-01-1626"",767.5758816"
"""2001-01-1627"",764.9924156"
"""2001-01-1628"",762.3666704"
"""2001-01-1629"",759.696689"
"""2001-01-1630"",756.9803479"
"""2001-01-1631"",754.2153361"
"""2001-01-1632"",751.3991313"
"""2001-01-1633"",748.5289713"
"""2001-01-1634"",745.6018214"
"""2001-01-1635"",742.6143361"
"""2001-01-1636"",739.5628133"
"""2001-01-1637"",736.4431415"
"""2001-01-1638"",733.2507356"
"""2001-01-1639"",729.9804607"
"""2001-01-1640"",726.6265404"
"""2001-01-1641"",723.1824446"
"""2001-01-1642"",719.6407534"
"""2001-01-1643"",715.9929873"
"""2001-01-1644"",712.2293966"
"""2001-01-1645"",708.3386948"
"""2001-01-1646"",704.3077185"
"""2001-01-1647"",700.1209864"
"""2001-01-1648"",695.7601211"
"""2001-01-1649"",691.2030751"
"""2001-01-1650"",686.4230776"
"""2001-01-1651"",681.387172"
"""2001-01-1652"",676.0541323"
"""2001-01-1653"",670.3714162"
"""2001-01-1654"",664.2705662"
"""2001-01-1655"",657.6600102"
"""2001-01-1656"",650.4132902"
"""2001-01-1657"",642.3488261"
"""2001-01-1658"",633.1928449"
"""2001-01-1659"",622.5062609"
"""2001-01-1660"",609.5267236"
"""2001-01-1661"",592.7909424"
"""2001-01-1662"",569.1571699"
"""2001-01-1663"",531.4075996"
"""2001-01-1664"",469.5260167"
"""2001-01-1665"",412.4523677"
"""2001-01-1666"",381.498328"
"""2001-01-1667"",362.6861665"
"""2001-01-1668"",349.3682197"
"""2001-01-1669"",339.0727361"
"""2001-01-1670"",330.6708965"
"""2001-01-1671"",323.5631001"
"""2001-01-1672"",317.3951716"
"""2001-01-1673"",311.9411125"
"""2001-01-1674"",307.0480712"
"""2001-01-1675"",302.6078817"
"""2001-01-1676"",298.5411849"
"""2001-01-1677"",294.7880166"
"""2001-01-1678"",291.3019471"
"""2001-01-1679"",288.0462785"
"""2001-01-1680"",284.991491"
"""2001-01-1681"",282.1134759"
"""2001-01-1682"",279.392282"
"""2001-01-1683"",276.8112058"
"""2001-01-1684"",274.3561184"
"""2001-01-1685"",272.0149584"
"""2001-01-1686"",269.7773447"
"""2001-01-1687"",267.6342753"
"""2001-01-1688"",265.5778923"
"""2001-01-1689"",263.6012937"
"""2001-01-1690"",261.6983835"
"""2001-01-1691"",259.8637495"
"""2001-01-1692"",258.0925645"
"""2001-01-1693"",256.3805034"
"""2001-01-1694"",254.723676"
"""2001-01-1695"",253.1185696"
"""2001-01-1696"",251.5620016"
"""2001-01-1697"",250.0510786"
"""2001-01-1698"",248.5831628"
"""2001-01-1699"",247.1558416"
"""2001-01-1700"",245.7669031"
