ds,y
2007/12/10,827.8048265
2007/12/11,825.9937102
2007/12/12,824.166635
2007/12/13,822.3232201
2007/12/14,820.4630712
2007/12/15,818.5857797
2007/12/16,816.6909221
2007/12/17,814.7780591
2007/12/18,812.8467349
2007/12/19,810.8964759
2007/12/20,808.9267901
2007/12/21,806.9371654
2007/12/22,804.9270691
2007/12/23,802.8959456
2007/12/24,800.8432158
2007/12/25,798.7682748
2007/12/26,796.6704906
2007/12/27,794.5492015
2007/12/28,792.4037142
2007/12/29,790.2333013
2007/12/30,788.0371984
2007/12/31,785.8146012
2008/1/1,783.564662
2008/1/2,781.2864856
2008/1/3,778.9791255
2008/1/4,776.6415785
2008/1/5,774.2727799
2008/1/6,771.8715971
2008/1/7,769.4368227
2008/1/8,766.9671672
2008/1/9,764.4612499
2008/1/10,761.9175895
2008/1/11,759.3345924
2008/1/12,756.7105409
2008/1/13,754.043578
2008/1/14,751.3316916
2008/1/15,748.5726953
2008/1/16,745.7642072
2008/1/17,742.903625
2008/1/18,739.9880972
2008/1/19,737.0144903
2008/1/20,733.9793495
2008/1/21,730.878854
2008/1/22,727.7087637
2008/1/23,724.4643558
2008/1/24,721.1403509
2008/1/25,717.7308224
2008/1/26,714.2290896
2008/1/27,710.6275861
2008/1/28,706.9176996
2008/1/29,703.0895742
2008/1/30,699.1318632
2008/2/1,695.0314187
2008/2/2,690.7728955
2008/2/3,686.3382419
2008/2/4,681.7060334
2008/2/5,676.8505925
2008/2/6,671.7408073
2008/2/7,666.3385179
2008/2/8,660.596283
2008/2/9,654.4542302
2008/2/10,647.8355474
2008/2/11,640.6399386
2008/2/12,632.734052
2008/2/13,623.9375655
2008/2/14,614.0037127
2008/2/15,602.5950997
2008/2/16,589.2636838
2008/2/17,573.4611221
2008/2/18,554.6046852
2008/2/19,532.1481895
2008/2/20,505.8951011
2008/2/21,477.359966
2008/2/22,449.4419001
2008/2/23,424.478001
2008/2/24,404.2511357
2008/2/25,388.2075331
2008/2/26,375.2455496
2008/2/27,364.5049605
2008/2/29,355.3968193
2008/3/2,347.5205834
2008/3/5,340.5982792
2008/3/6,334.432023
2008/3/7,328.8773462
2008/3/8,323.8262743
2008/3/9,319.1963732
2008/3/10,314.9234956
2008/3/11,310.9568664
2008/3/12,307.2556781
2008/3/13,303.7866853
2008/3/14,300.5224708
2008/3/15,297.4401746
2008/3/16,294.5205471
2008/3/17,291.7472335
2008/3/18,289.1062246
2008/3/19,286.5854318
2008/3/20,284.1743527
2008/3/21,281.8638064
2008/3/22,279.6457213
2008/3/23,277.5129635
2008/3/24,827.4622634
2008/3/25,825.6459383
2008/3/26,823.8135088
2008/3/27,821.9645883
2008/3/28,820.0987763
2008/3/29,818.2156576
2008/3/30,816.314802
2008/3/31,814.3957628
2008/4/1,812.4580765
2008/4/2,810.5012614
2008/4/3,808.5248167
2008/4/4,806.5282212
2008/4/5,804.5109323
2008/4/6,802.4723843
2008/4/7,800.4119866
2008/4/8,798.3291226
2008/4/9,796.2231475
2008/4/10,794.0933858
2008/4/11,791.9391298
2008/4/12,789.7596361
2008/4/13,787.5541233
2008/4/14,785.3217687
2008/4/15,783.0617045
2008/4/16,780.7730139
2008/4/17,778.4547267
2008/4/18,776.1058142
2008/4/19,773.7251835
2008/4/20,771.311671
2008/4/21,768.8640357
2008/4/22,766.3809507
2008/4/23,763.8609942
2008/4/24,761.3026392
2008/4/25,758.7042419
2008/4/26,756.064028
2008/4/27,753.3800778
2008/4/28,750.6503089
2008/4/29,747.872456
2008/4/30,745.0440481
2008/5/1,742.1623824
2008/5/2,739.2244935
2008/5/3,736.2271177
2008/5/4,733.1666519
2008/5/5,730.0391049
2008/5/6,726.8400399
2008/5/7,723.5645067
2008/5/8,720.2069604
2008/5/9,716.7611641
2008/5/10,713.2200713
2008/5/11,709.5756815
2008/5/12,705.8188645
2008/5/13,701.9391402
2008/5/14,697.9244047
2008/5/15,693.7605815
2008/5/16,689.4311758
2008/5/17,684.9166956
2008/5/18,680.1938896
2008/5/19,675.2347308
2008/5/20,670.0050387
2008/5/21,664.462578
2008/5/22,658.554394
2008/5/23,652.2130055
2008/5/24,645.350876
2008/5/25,637.8522625
2008/5/26,629.5611157
2008/5/27,620.2632814
2008/5/28,609.6615929
2008/5/29,597.3461596
2008/5/30,582.7753738
2008/5/31,565.3050305
2008/6/3,544.2717992
2008/6/4,519.1047263
2008/6/5,490.2733565
2008/6/6,460.7139774
2008/6/7,433.2180236
2008/6/8,410.4908428
2008/6/9,392.6653538
2008/6/10,378.5106801
2008/6/11,366.9575966
2008/6/12,357.2774726
2008/6/13,348.9851462
2008/6/14,341.7510988
2008/6/15,335.3451992
2008/6/16,329.6021757
2008/6/17,324.4002231
2008/6/18,319.647451
2008/6/19,315.2730779
2008/6/20,311.2215657
2008/6/21,307.4486154
2008/6/22,303.9183734
2008/6/23,300.601441
2008/6/24,297.4734302
2008/6/25,294.5138962
2008/6/26,291.705538
2008/6/27,289.0335887
2008/6/28,286.4853466
2008/6/29,284.0498086
2008/6/30,281.7173813
2008/7/2,279.4796503
2008/7/3,277.3291953
2008/7/4,275.2594391
2008/7/5,827.1182652
2008/7/6,825.2966833
2008/7/7,823.4588494
2008/7/8,821.6043709
2008/7/9,819.7328408
2008/7/10,817.8438375
2008/7/11,815.9369235
2008/7/12,814.0116449
2008/8/1,812.0675301
2008/8/2,810.1040891
2008/8/3,808.1208124
2008/8/4,806.1171692
2008/8/5,804.0926068
2008/8/6,802.0465487
2008/8/7,799.9783932
2008/8/8,797.8875113
2008/8/9,795.773245
2008/8/10,793.6349048
2008/8/11,791.4717678
2008/8/12,789.2830744
2008/8/13,787.0680256
2008/8/14,784.8257796
2008/8/15,782.5554479
2008/8/16,780.2560914
2008/8/17,777.9267154
2008/8/18,775.5662645
2008/8/19,773.1736165
2008/8/20,770.7475762
2008/8/21,768.286867
2008/8/22,765.7901234
2008/8/23,763.2558808
2008/8/24,760.6825646
2008/8/25,758.0684781
2008/8/26,755.4117883
2008/8/27,752.7105098
2008/8/28,749.9624863
2008/8/29,747.1653697
2008/8/30,744.3165954
2008/8/31,741.4133548
2008/9/1,738.4525618
2008/9/2,735.4308157
2008/9/3,732.3443561
2008/9/4,729.1890108
2008/9/5,725.9601338
2008/9/6,722.6525321
2008/9/7,719.2603773
2008/9/8,715.7770994
2008/9/9,712.1952579
2008/9/10,708.5063841
2008/9/11,704.7007857
2008/9/12,700.7673035
2008/9/13,696.693005
2008/9/14,692.4627928
2008/9/15,688.0589004
2008/9/16,683.4602324
2008/9/17,678.6414889
2008/9/18,673.5719863
2008/9/19,668.2140421
2008/9/20,662.5207207
2008/9/21,656.4326329
2008/9/22,649.8732964
2008/9/23,642.7422914
2008/9/24,634.9050051
2008/9/25,626.1771548
2008/9/26,616.3017618
2008/9/27,604.9170768
2008/9/28,591.520658
2008/9/29,575.4560499
2008/9/30,555.9682936
2008/10/1,532.2948546
2008/10/2,504.0543482
2008/10/3,473.1979256
2008/10/4,443.3832973
2008/10/5,417.7661044
2008/10/6,397.7610324
2008/10/7,382.1683544
2008/10/8,369.6602829
2008/10/9,359.3234176
2008/10/10,350.5626224
2008/10/11,342.9832009
2008/10/12,336.3152944
2008/10/13,330.3685839
2008/10/14,325.0049389
2008/10/15,320.1214935
2008/10/16,315.6398783
2008/10/17,311.4991749
2008/10/18,307.6511827
2008/10/19,304.0571609
2008/10/20,300.6855357
2008/10/23,297.5102533
2008/10/24,294.509575
2008/10/25,291.6651806
2008/10/26,288.9614918
2008/10/27,286.3851531
2008/10/28,283.9246297
2008/10/29,281.5698917
2008/10/30,279.3121635
2008/10/31,277.1437236
2008/11/1,275.0577419
2008/11/2,273.0481477
2008/11/3,826.7728175
2008/11/4,824.9459301
2008/11/5,823.1026409
2008/11/6,821.2425509
2008/11/7,819.365247
2008/11/8,817.4703005
2008/11/9,815.5572669
2008/11/10,813.6256845
2008/11/11,811.6750738
2008/11/12,809.7049362
2008/11/13,807.7147528
2008/11/14,805.7039834
2008/11/15,803.672065
2008/11/16,801.61841
2008/11/17,799.5424049
2008/11/18,797.4434082
2008/11/19,795.3207483
2008/11/20,793.1737214
2008/11/21,791.0015888
2008/11/22,788.8035742
2008/11/23,786.5788604
2008/11/24,784.3265858
2008/11/25,782.0458408
2008/11/26,779.7356629
2008/11/27,777.3950321
2008/11/28,775.0228654
2008/11/29,772.6180104
2008/11/30,770.1792384
2008/12/1,767.7052365
2008/12/2,765.1945986
2008/12/3,762.6458154
2008/12/4,760.0572629
2008/12/5,757.4271891
2008/12/6,754.7536996
2008/12/7,752.0347399
2008/12/8,749.2680764
2008/12/9,746.451274
2008/12/10,743.5816697
2008/12/11,740.6563429
2008/12/12,737.6720808
2008/12/13,734.6253372
2008/12/14,731.5121848
2008/12/15,728.3282593
2008/12/16,725.0686921
2008/12/17,721.7280307
2008/12/18,718.3001429
2008/12/19,714.778101
2008/12/20,711.1540402
2008/12/21,707.4189849
2008/12/22,703.5626324
2008/12/23,699.5730828
2008/12/24,695.4364947
2008/12/25,691.1366453
2008/12/26,686.6543575
2008/12/27,681.9667447
2008/12/28,677.0462013
2008/12/29,671.8590263
2008/12/30,666.3635208
2008/12/31,660.5072969
2009/1/1,654.2234034
2009/1/2,647.424624
2009/1/3,639.9949185
2009/1/4,631.7763653
2009/1/5,622.5491187
2009/1/6,612.0012567
2009/1/7,599.6872656
2009/1/8,584.9859795
2009/1/9,567.1009578
2009/1/10,545.1437094
2009/1/11,518.270397
2009/1/12,486.9752822
2009/1/13,455.0946542
2009/1/14,426.3388138
2009/1/15,403.6582961
2009/1/16,386.3054124
2009/1/17,372.6596565
2009/1/18,361.5607825
2009/1/19,352.2683116
2009/1/20,344.303911
2009/1/21,337.3481936
2009/1/22,331.1803956
2009/1/23,325.642968
2009/1/24,320.6202295
2009/1/25,316.0250884
2009/1/26,311.7905244
2009/1/27,307.8639624
2009/1/28,304.2034573
2009/1/29,300.7750417
2009/1/30,297.5508429
2009/1/31,294.5077186
2009/2/1,291.6262502
2009/2/2,288.8899887
2009/2/3,286.2848809
2009/2/4,283.7988269
2009/2/5,281.4213347
2009/2/6,279.1432479
2009/2/7,276.956528
2009/2/8,274.85408
2009/2/9,272.8296094
2009/2/10,270.8775067
2009/2/11,826.4259056
2009/2/12,824.5936633
2009/2/13,822.7448669
2009/2/14,820.8791114
2009/2/15,818.9959769
2009/2/16,817.0950279
2009/2/17,815.1758123
2009/2/18,813.2378608
2009/2/19,811.2806854
2009/2/20,809.3037789
2009/2/21,807.306613
2009/2/22,805.2886376
2009/2/23,803.249279
2009/2/24,801.1879384
2009/2/25,799.1039901
2009/2/26,796.9967798
2009/2/27,794.8656219
2009/2/28,792.7097977
2009/3/1,790.5285524
2009/3/2,788.3210924
2009/3/3,786.0865816
2009/3/4,783.8241382
2009/3/5,781.5328304
2009/3/6,779.2116718
2009/3/7,776.8596161
2009/3/8,774.4755516
2009/3/9,772.0582944
2009/3/10,769.6065814
2009/3/11,767.1190615
2009/3/12,764.5942865
2009/3/13,762.0307007
2009/3/14,759.4266282
2009/3/15,756.7802593
2009/3/16,754.0896351
2009/3/17,751.3526291
2009/3/18,748.5669265
2009/3/19,745.7300004
2009/3/20,742.8390842
2009/3/21,739.8911396
2009/3/22,736.8828194
2009/3/23,733.8104234
2009/3/24,730.6698475
2009/3/25,727.4565229
2009/3/26,724.1653434
2009/3/27,720.7905792
2009/3/28,717.3257726
2009/3/29,713.7636108
2009/3/30,710.0957709
2009/3/31,706.3127281
2009/4/1,702.4035157
2009/4/2,698.3554234
2009/4/3,694.1536112
2009/4/4,689.780612
2009/4/5,685.215679
2009/4/6,680.4339181
2009/4/7,675.405117
2009/4/8,670.0921326
2009/4/9,664.448634
2009/4/10,658.4158678
2009/4/11,651.9179309
2009/4/12,644.8546926
2009/4/13,637.0909743
2009/4/14,628.4397102
2009/4/15,618.6356277
2009/4/16,607.2952663
2009/4/17,593.8631426
2009/4/18,577.5654315
2009/4/19,557.4349186
2009/4/20,532.4126337
2009/4/21,501.8397586
2009/4/22,468.3027052
2009/4/23,436.5078375
2009/4/24,410.5793861
2009/4/25,391.0380806
2009/4/26,376.0158723
2009/4/27,364.0221155
2009/4/28,354.1207173
2009/4/29,345.724235
2009/4/30,338.4507041
2009/5/1,332.0419613
2009/5/2,326.3171672
2009/5/3,321.1455762
2009/5/4,316.4300167
2009/5/5,312.0965182
2009/5/6,308.0875843
2009/5/7,304.3577026
2009/5/8,300.8702658
2009/5/9,297.595411
2009/5/10,294.5084709
2009/5/11,291.5888408
2009/5/12,288.8191372
2009/5/13,286.1845611
2009/5/14,283.6724118
2009/5/15,281.2717077
2009/5/16,278.9728902
2009/5/17,276.7675878
2009/5/18,274.6484271
2009/5/19,272.6088799
2009/5/20,270.6431388
2009/5/21,268.7460144
2009/5/22,826.0775146
2009/5/23,824.2398671
2009/5/24,822.3855111
2009/5/25,820.514035
2009/5/26,818.6250123
2009/5/27,816.7180002
2009/5/28,814.7925393
2009/5/29,812.8481521
2009/5/30,810.8843422
2009/5/31,808.9005932
2009/6/1,806.8963676
2009/6/2,804.8711048
2009/6/3,802.8242203
2009/6/4,800.7551036
2009/6/5,798.6631168
2009/6/6,796.547592
2009/6/7,794.4078295
2009/6/8,792.243095
2009/6/9,790.0526173
2009/6/10,787.8355848
2009/6/11,785.5911421
2009/6/12,783.3183862
2009/6/13,781.0163627
2009/6/14,778.68406
2009/6/15,776.3204048
2009/6/16,773.9242557
2009/6/17,771.494396
2009/6/18,769.0295266
2009/6/19,766.5282569
2009/6/20,763.989095
2009/6/21,761.4104363
2009/6/22,758.7905509
2009/6/23,756.127569
2009/6/24,753.419464
2009/6/25,750.6640336
2009/6/26,747.8588779
2009/6/27,745.0013735
2009/6/28,742.0886447
2009/6/29,739.1175287
2009/6/30,736.0845361
2009/7/1,732.9858038
2009/7/2,729.8170397
2009/7/3,726.5734572
2009/7/4,723.2496965
2009/7/5,719.8397311
2009/7/6,716.3367534
2009/7/7,712.7330361
2009/7/8,709.0197609
2009/7/9,705.1868066
2009/7/10,701.2224824
2009/7/11,697.1131899
2009/7/12,692.8429889
2009/7/13,688.3930325
2009/7/14,683.7408215
2009/7/15,678.8592025
2009/7/16,673.7150047
2009/7/17,668.2671381
2009/7/18,662.463898
2009/7/19,656.2390489
2009/7/20,649.5060018
2009/7/21,642.1489382
2009/7/22,634.0089563
2009/7/23,624.8620493
2009/7/24,614.3840067
2009/7/25,602.096719
2009/7/26,587.2986316
2009/7/27,569.0195091
2009/7/28,546.0777439
2009/7/29,517.2382658
2009/7/30,483.0233371
2009/7/31,448.5335918
2009/8/1,418.8249314
2009/8/2,396.5254231
2009/8/3,379.8081113
2009/8/4,366.7486138
2009/8/5,356.1424952
2009/8/6,347.2572857
2009/8/7,339.6307573
2009/8/8,332.9582586
2009/8/9,327.030756
2009/8/10,321.6996671
2009/8/11,316.8561043
2009/8/12,312.4181436
2009/8/13,308.322731
2009/8/14,304.5203708
2009/8/15,300.9715366
2009/8/16,297.6441836
2009/8/17,294.5119845
2009/8/18,291.5530524
2009/8/19,288.7489986
2009/8/20,286.0842272
2009/8/21,283.5453972
2009/8/22,281.1210084
2009/8/23,278.8010773
2009/8/24,276.5768817
2009/8/25,274.4407563
2009/8/26,272.3859284
2009/8/27,270.406384
2009/8/28,268.4967583
2009/8/29,266.6522453
2009/8/30,825.7276294
2009/8/31,823.8845257
2009/9/1,822.0245566
2009/9/2,820.147304
2009/9/3,818.2523344
2009/9/4,816.3391979
2009/9/5,814.4074272
2009/9/6,812.4565365
2009/9/7,810.486021
2009/9/8,808.4953549
2009/9/9,806.4839907
2009/9/10,804.4513576
2009/9/11,802.3968598
2009/9/12,800.3198749
2009/9/13,798.2197521
2009/9/14,796.0958099
2009/9/15,793.9473338
2009/9/16,791.7735738
2009/9/17,789.5737413
2009/9/18,787.3470063
2009/9/19,785.0924935
2009/9/20,782.8092782
2009/9/21,780.496382
2009/9/22,778.1527678
2009/9/24,775.7773341
2009/9/28,773.3689084
2009/9/29,770.9262403
2009/9/30,768.4479932
2009/10/1,765.9327352
2009/10/2,763.3789288
2009/10/3,760.7849186
2009/10/4,758.1489181
2009/10/5,755.4689944
2009/10/6,752.7430503
2009/10/7,749.9688041
2009/10/8,747.1437659
2009/10/9,744.2652112
2009/10/10,741.3301487
2009/10/11,738.3352846
2009/10/12,735.2769788
2009/10/13,732.1511954
2009/10/17,728.9534421
2009/10/18,725.6787004
2009/10/19,722.3213395
2009/10/20,718.8750147
2009/10/21,715.3325424
2009/10/22,711.6857476
2009/10/23,707.9252758
2009/10/24,704.040357
2009/10/25,700.0185089
2009/10/26,695.8451575
2009/10/27,691.503147
2009/10/28,686.9720959
2009/10/29,682.2275415
2009/10/30,677.2397788
2009/10/31,671.9722618
2009/11/1,666.37935
2009/11/2,660.4030656
2009/11/3,653.9683108
2009/11/4,646.975627
2009/11/5,639.2899298
2009/11/6,630.7225304
2009/11/7,621.00187
2009/11/8,609.7259284
2009/11/9,596.2891943
2009/11/10,579.794008
2009/11/11,559.0164099
2009/11/12,532.4905881
2009/11/13,499.1394762
2009/11/14,462.4802318
2009/11/16,428.7851493
2009/11/17,402.9900806
2009/11/18,384.1430496
2009/11/19,369.7933853
2009/11/20,358.3617724
2009/11/21,348.9188517
2009/11/23,340.8976695
2009/11/24,333.9350179
2009/11/25,327.7873807
2009/11/26,322.2848862
2009/11/27,317.3049434
2009/11/28,312.7564808
2009/11/29,308.5701433
2009/11/30,304.6919729
2009/12/1,301.0792065
2009/12/2,297.6974019
2009/12/3,294.5184218
2009/12/4,291.5189906
2009/12/5,288.679638
2009/12/6,285.9839144
2009/12/7,283.417797
2009/12/8,280.969235
2009/12/9,278.6277959
2009/12/10,276.3843883
2009/12/11,274.2310405
2009/12/12,272.1607236
2009/12/13,270.1672081
2009/12/14,268.2449467
2009/12/15,266.3889778
2009/12/16,264.5948455
2009/12/17,825.3762346
2009/12/18,823.5276229
2009/12/19,821.6619864
2009/12/20,819.7789005
2009/12/21,817.8779245
2009/12/22,815.9586011
2009/12/23,814.0204549
2009/12/24,812.0629919
2009/12/25,810.0856983
2009/12/26,808.0880389
2009/12/27,806.069456
2009/12/28,804.029368
2009/12/29,801.9671678
2009/12/30,799.8822207
2009/12/31,797.7738626
2010/1/1,795.6413979
2010/1/2,793.484097
2010/1/3,791.3011934
2010/1/4,789.0918811
2010/1/5,786.8553108
2010/1/6,784.5905864
2010/1/7,782.2967609
2010/1/8,779.9728314
2010/1/9,777.617734
2010/1/10,775.2303379
2010/1/11,772.8094386
2010/1/12,770.3537504
2010/1/13,767.8618978
2010/1/14,765.332406
2010/1/15,762.7636896
2010/1/16,760.1540403
2010/1/17,757.5016126
2010/1/18,754.8044075
2010/1/19,752.0602535
2010/1/20,749.2667854
2010/1/21,746.4214193
2010/1/22,743.5213236
2010/1/25,740.5633855
2010/1/26,737.544172
2010/1/27,734.4598839
2010/1/28,731.3063013
2010/1/29,728.0787194
2010/1/30,724.7718718
2010/1/31,721.3798379
2010/2/1,717.8959313
2010/2/2,714.3125634
2010/2/3,710.6210759
2010/2/4,706.8115318
2010/2/5,702.872454
2010/2/6,698.7904936
2010/2/7,694.550002
2010/2/9,690.1324761
2010/2/10,685.5158224
2010/2/11,680.6733699
2010/2/12,675.5725178
2010/2/13,670.1728526
2010/2/14,664.4234553
2010/2/15,658.2589737
2010/2/16,651.5937265
2010/2/17,644.3125985
2010/2/18,636.2565604
2010/2/19,627.1989699
2010/2/20,616.8059867
2010/2/21,604.5708376
2010/2/22,589.7133549
2010/2/24,571.0700652
2010/2/25,547.0818534
2010/2/26,515.9470281
2010/2/27,478.2347314
2010/2/28,440.8985655
2010/3/1,410.7494067
2010/3/2,389.168279
2010/3/3,373.2263564
2010/3/4,360.8140297
2010/3/5,350.7281711
2010/3/6,342.2624831
2010/3/7,334.9788821
2010/3/8,328.5911929
2010/3/9,322.9039085
2010/3/10,317.7782987
2010/3/11,313.1127155
2010/3/12,308.8306275
2010/3/13,304.8730609
2010/3/14,301.193654
2010/3/15,297.7553236
2010/3/16,294.5279556
2010/3/17,291.4867678
2010/3/18,288.6111244
2010/3/19,285.8836604
2010/3/20,283.2896261
2010/3/21,280.8163858
2010/3/22,278.4530327
2010/3/23,276.1900858
2010/3/24,274.0192517
2010/3/25,271.9332334
2010/3/26,269.9255764
2010/3/27,267.9905432
2010/3/28,266.1230106
2010/3/29,264.3183844
2010/3/30,262.572529
2010/3/31,825.0233145
2010/4/1,823.1691421
2010/4/2,821.2977832
2010/4/3,819.4088062
2010/4/4,817.5017633
2010/4/5,815.5761893
2010/4/6,813.6316009
2010/4/7,811.6674956
2010/4/8,809.6833501
2010/4/9,807.6786197
2010/4/10,805.6527364
2010/4/11,803.6051076
2010/4/12,801.5351141
2010/4/13,799.4421088
2010/4/14,797.325414
2010/4/15,795.1843195
2010/4/16,793.0180801
2010/4/17,790.8259125
2010/4/18,788.6069924
2010/4/19,786.3604507
2010/4/20,784.08537
2010/4/21,781.78078
2010/4/22,779.4456524
2010/4/23,777.0788957
2010/4/24,774.6793485
2010/4/25,772.2457731
2010/4/26,769.7768472
2010/4/27,767.2711547
2010/4/28,764.727176
2010/4/29,762.1432759
2010/4/30,759.5176908
2010/5/1,756.8485135
2010/5/2,754.1336754
2010/5/3,751.3709275
2010/5/4,748.5578169
2010/5/5,745.6916602
2010/5/6,742.7695133
2010/5/7,739.7881349
2010/5/8,736.743945
2010/5/9,733.6329753
2010/5/10,730.4508105
2010/5/11,727.1925193
2010/5/12,723.8525704
2010/5/13,720.4247327
2010/5/14,716.9019527
2010/5/15,713.2762051
2010/5/16,709.5383076
2010/5/17,705.6776906
2010/5/18,701.6821046
2010/5/19,697.5372488
2010/5/20,693.2262883
2010/5/21,688.7292223
2010/5/22,684.0220402
2010/5/23,679.0755775
2010/5/24,673.8539333
2010/5/25,668.3122351
2010/5/26,662.393404
2010/5/27,656.0233523
2010/5/28,649.103642
2010/5/29,641.4998998
2010/5/30,633.0229285
2010/5/31,623.3969205
2010/6/1,612.2048294
2010/6/2,598.7957284
2010/6/3,582.1453983
2010/6/4,560.7260223
2010/6/5,532.5133155
2010/6/6,495.7951744
2010/6/7,455.4656911
2010/6/8,420.2561793
2010/6/9,395.0942259
2010/6/10,377.1418988
2010/6/11,363.5448523
2010/6/12,352.7090055
2010/6/13,343.7384186
2010/6/14,336.0976114
2010/6/15,329.4469478
2010/6/16,323.559749
2010/6/17,318.2781339
2010/6/18,313.4881521
2010/6/19,309.1050628
2010/6/20,305.0642323
2010/6/21,301.3152859
2010/6/22,297.8182245
2010/6/23,294.5407698
2010/6/24,291.4565033
2010/6/25,288.5435306
2010/6/27,285.7835051
2010/6/29,283.1609004
2010/6/30,280.6624598
2010/7/1,278.276774
2010/7/2,275.9939517
2010/7/3,273.8053614
2010/7/4,271.7034252
2010/7/6,269.6814535
2010/7/11,267.7335107
2010/7/12,265.8543056
2010/7/13,264.0391007
2010/7/14,262.2836374
2010/7/15,260.584073
2010/7/16,824.6688532
2010/7/17,822.8090667
2010/7/18,820.9319293
2010/7/19,819.0370025
2010/7/20,817.123831
2010/7/21,815.1919419
2010/7/22,813.2408434
2010/7/23,811.2700243
2010/7/24,809.278952
2010/7/25,807.2670716
2010/7/26,805.2338047
2010/7/27,803.1785471
2010/7/28,801.1006677
2010/7/29,798.9995063
2010/7/30,796.8743713
2010/7/31,794.7245375
2010/8/1,792.5492435
2010/8/2,790.3476887
2010/8/3,788.1190298
2010/8/4,785.8623776
2010/8/5,783.5767924
2010/8/6,781.2612798
2010/8/7,778.9147851
2010/8/8,776.5361881
2010/8/9,774.1242962
2010/8/10,771.6778367
2010/8/11,769.1954491
2010/8/12,766.6756754
2010/8/13,764.1169491
2010/8/14,761.5175831
2010/8/15,758.8757559
2010/8/16,756.1894954
2010/8/17,753.4566608
2010/8/18,750.6749211
2010/8/19,747.8417313
2010/8/20,744.9543035
2010/8/21,742.0095745
2010/8/22,739.0041675
2010/8/23,735.9343466
2010/8/24,732.7959639
2010/8/25,729.5843965
2010/8/26,726.2944711
2010/8/27,722.9203735
2010/8/28,719.4555391
2010/8/29,715.8925193
2010/8/30,712.2228169
2010/8/31,708.4366818
2010/9/1,704.5228547
2010/9/2,700.4682407
2010/9/3,696.2574914
2010/9/4,691.8724577
2010/9/5,687.2914689
2010/9/6,682.4883596
2010/9/7,677.4311381
2010/9/8,672.0801219
2010/9/9,666.3852701
2010/9/10,660.2822629
2010/9/11,653.6865777
2010/9/12,646.4842446
2010/9/13,638.5169046
2010/9/14,629.5567634
2010/9/15,619.2631069
2010/9/16,607.1051743
2010/9/17,592.2287227
2010/9/18,573.2617299
2010/9/19,548.1654316
2010/9/20,514.3081435
2010/9/21,472.3678778
2010/9/22,432.1220419
2010/9/23,402.2307908
2010/9/24,381.671124
2010/9/25,366.6140732
2010/9/26,354.8911618
2010/9/27,345.3414861
2010/9/28,337.3003476
2010/9/29,330.3601267
2010/9/30,324.2558232
2010/10/1,318.8066419
2010/10/2,313.884231
2010/10/3,309.3944106
2010/10/4,305.2661353
2010/10/5,301.4445406
2010/10/6,297.8863998
2010/10/7,294.5570608
2010/10/8,291.4283238
2010/10/9,288.4769343
2010/10/10,285.6834907
2010/10/11,283.0316371
2010/10/12,280.5074562
2010/10/13,278.0990063
2010/10/14,275.7959635
2010/10/15,273.5893406
2010/10/16,271.4712656
2010/10/17,269.4348032
2010/10/18,267.4738113
2010/10/19,265.582824
2010/10/20,263.7569552
2010/10/21,261.9918192
2010/10/22,260.2834637
2010/10/23,258.6283148
2010/10/24,824.3128346
2010/10/25,822.4473797
2010/10/26,820.5644069
2010/10/27,818.6634705
2010/10/28,816.7441078
2010/10/29,814.8058377
2010/10/30,812.8481602
2010/10/31,810.8705546
2010/11/1,808.8724789
2010/11/2,806.8533681
2010/11/3,804.8126327
2010/11/4,802.7496569
2010/11/5,800.6637971
2010/11/6,798.5543797
2010/11/7,796.4206987
2010/11/8,794.2620137
2010/11/9,792.0775465
2010/11/10,789.8664785
2010/11/11,787.6279471
2010/11/12,785.3610418
2010/11/13,783.0648002
2010/11/14,780.7382028
2010/11/15,778.3801678
2010/11/16,775.9895451
2010/11/17,773.5651092
2010/11/18,771.1055517
2010/11/19,768.6094722
2010/11/20,766.0753688
2010/11/21,763.5016261
2010/11/22,760.8865029
2010/11/23,758.2281171
2010/11/24,755.5244288
2010/11/25,752.7732211
2010/11/26,749.9720772
2010/11/27,747.1183549
2010/11/28,744.2091564
2010/11/29,741.2412928
2010/11/30,738.2112435
2010/12/1,735.1151077
2010/12/2,731.9485467
2010/12/3,728.7067163
2010/12/4,725.3841848
2010/12/5,721.9748349
2010/12/6,718.4717438
2010/12/7,714.8670369
2010/12/8,711.1517065
2010/12/9,707.3153853
2010/12/10,703.346061
2010/12/11,699.2297114
2010/12/12,694.9498313
2010/12/13,690.4868124
2010/12/14,685.817115
2010/12/15,680.9121421
2010/12/16,675.7366814
2010/12/17,670.2466943
2010/12/18,664.3861094
2010/12/19,658.082031
2010/12/20,651.2373553
2010/12/21,643.7189854
2010/12/22,635.3382661
2010/12/23,625.8171473
2010/12/24,614.7273321
2010/12/25,601.3785196
2010/12/26,584.6217114
2010/12/27,562.5784352
2010/12/28,532.4586913
2010/12/29,491.5782964
2010/12/30,447.0004322
2010/12/31,411.048221
2011/1/1,387.0025413
2011/1/2,370.1022267
2011/1/3,357.3127071
2011/1/4,347.0913257
2011/1/5,338.5979639
2011/1/6,331.3370934
2011/1/7,324.9960214
2011/1/8,319.3662822
2011/1/9,314.3025473
2011/1/10,309.6997244
2011/1/11,305.4794738
2011/1/12,301.581891
2011/1/13,297.9601663
2011/1/14,294.577038
2011/1/15,291.402364
2011/1/16,288.4114176
2011/1/17,285.5836624
2011/1/18,282.9018549
2011/1/19,280.3513746
2011/1/20,277.9197159
2011/1/21,275.5960979
2011/1/22,273.3711597
2011/1/23,271.2367206
2011/1/24,269.1855885
2011/1/25,267.2114063
2011/1/26,265.3085263
2011/1/27,263.4719084
2011/1/28,261.697035
2011/1/29,259.9798409
2011/1/30,258.3166544
2011/1/31,256.7041479
2011/2/1,823.9552422
2011/2/2,822.0840636
2011/2/3,820.1951976
2011/2/4,818.288191
2011/2/5,816.3625734
2011/2/6,814.4178555
2011/2/7,812.4535284
2011/2/8,810.4690624
2011/2/9,808.4639056
2011/2/10,806.4374823
2011/2/11,804.3891918
2011/2/12,802.3184065
2011/2/13,800.2244699
2011/2/14,798.1066946
2011/2/15,795.9643599
2011/2/16,793.7967093
2011/2/17,791.6029475
2011/2/18,789.3822375
2011/2/19,787.1336965
2011/2/20,784.8563923
2011/2/21,782.5493387
2011/2/22,780.2114903
2011/2/23,777.8417372
2011/2/24,775.4388982
2011/2/25,773.0017139
2011/2/26,770.5288384
2011/2/27,768.01883
2011/2/28,765.4701407
2011/3/1,762.8811045
2011/3/2,760.2499234
2011/3/3,757.574652
2011/3/4,754.8531793
2011/3/5,752.0832085
2011/3/6,749.2622325
2011/3/7,746.3875071
2011/3/8,743.4560182
2011/3/9,740.4644442
2011/3/10,737.4091125
2011/3/11,734.2859468
2011/3/12,731.0904058
2011/3/13,727.8174092
2011/3/14,724.4612491
2011/3/15,721.015483
2011/3/16,717.4728029
2011/3/17,713.8248742
2011/3/18,710.0621354
2011/3/19,706.1735475
2011/3/20,702.1462745
2011/3/21,697.9652736
2011/3/22,693.6127599
2011/3/23,689.0674984
2011/3/24,684.3038503
2011/3/25,679.2904636
2011/3/26,673.9884377
2011/3/27,668.3486872
2011/3/28,662.3080552
2011/3/29,655.7834022
2011/3/30,648.6622994
2011/3/31,640.7877927
2011/4/1,631.932344
2011/4/2,621.7511267
2011/4/3,609.69461
2011/4/4,594.84172
2011/4/5,575.6028383
2011/4/6,549.3396884
2011/4/7,512.1890745
2011/4/8,465.0978243
2011/4/9,422.2665906
2011/4/10,393.4183913
2011/4/11,374.1210101
2011/4/12,360.0232877
2011/4/13,349.01239
2011/4/14,340.003531
2011/4/15,332.3852948
2011/4/16,325.7848012
2011/4/17,319.9598262
2011/4/18,314.7448742
2011/4/19,310.0221626
2011/4/20,305.7050151
2011/4/21,301.7278483
2011/4/22,298.0398642
2011/4/23,294.600925
2011/4/24,291.3787672
2011/4/25,288.3470677
2011/4/26,285.4840678
2011/4/27,282.7715735
2011/4/28,280.194215
2011/4/29,277.7388888
2011/4/30,275.3943313
2011/5/1,273.1507883
2011/5/2,270.9997552
2011/5/3,268.9337717
2011/5/4,266.9462563
2011/5/5,265.0313724
2011/5/6,263.1839198
2011/5/7,261.3992447
2011/5/8,259.6731649
2011/5/9,258.0019083
2011/5/10,256.38206
2011/5/11,254.8105188
2011/5/12,823.5960593
2011/5/13,821.719101
2011/5/14,819.8242828
2011/5/15,817.9111443
2011/5/16,815.979207
2011/5/17,814.0279731
2011/5/18,812.056925
2011/5/19,810.0655233
2011/5/20,808.0532059
2011/5/21,806.0193866
2011/5/22,803.963453
2011/5/23,801.8847651
2011/5/24,799.7826533
2011/5/25,797.656416
2011/5/26,795.5053173
2011/5/27,793.3285843
2011/5/28,791.1254041
2011/5/29,788.8949203
2011/5/30,786.6362295
2011/5/31,784.3483769
2011/6/1,782.0303517
2011/6/2,779.681082
2011/6/3,777.2994283
2011/6/4,774.8841774
2011/6/5,772.4340345
2011/6/6,769.9476146
2011/6/7,767.4234331
2011/6/8,764.8598942
2011/6/9,762.2552786
2011/6/10,759.6077292
2011/6/11,756.915234
2011/6/12,754.1756078
2011/6/13,751.3864696
2011/6/14,748.5452176
2011/6/15,745.6489999
2011/6/16,742.6946797
2011/6/17,739.6787952
2011/6/18,736.5975124
2011/6/19,733.4465689
2011/6/20,730.2212075
2011/6/21,726.9160957
2011/6/22,723.5252302
2011/6/23,720.0418193
2011/6/24,716.4581396
2011/6/25,712.765359
2011/6/26,708.9533149
2011/6/27,705.0102351
2011/6/28,700.9223804
2011/6/29,696.6735822
2011/6/30,692.2446351
2011/7/1,687.612485
2011/7/2,682.7491262
2011/7/3,677.62007
2011/7/4,672.1821705
2011/7/5,666.3804568
2011/7/6,660.1433833
2011/7/7,653.3754597
2011/7/8,645.945373
2011/7/9,637.6659814
2011/7/10,628.258915
2011/7/11,617.2885
2011/7/12,604.0322618
2011/7/13,587.2231619
2011/7/14,564.5896544
2011/7/15,532.2941229
2011/7/16,486.1543774
2011/7/17,436.9058026
2011/7/18,401.3614825
2011/7/19,378.8310522
2011/7/20,363.0892757
2011/7/21,351.1356484
2011/7/22,341.5329529
2011/7/23,333.5135222
2011/7/24,326.6273033
2011/7/25,320.5904121
2011/7/26,315.2131903
2011/7/27,310.3630024
2011/7/28,305.9435963
2011/7/29,301.882966
2011/7/30,298.1258593
2011/7/31,294.6289614
2011/8/1,291.3576863
2011/8/2,288.2839774
2011/8/3,285.3847577
2011/8/4,282.6408142
2011/8/5,280.0359781
2011/8/6,277.5565111
2011/8/7,275.1906396
2011/8/8,272.9281952
2011/8/9,270.7603338
2011/8/10,268.6793143
2011/8/11,266.678321
2011/8/12,264.7513211
2011/8/13,262.8929483
2011/8/14,261.0984075
2011/8/15,259.3633958
2011/8/16,257.6840374
2011/8/17,256.0568276
2011/8/18,254.4785875
2011/8/19,252.9464238
2011/8/20,823.235269
2011/8/21,821.3524739
2011/8/22,819.4516438
2011/8/23,817.5323106
2011/8/24,815.5939876
2011/8/25,813.6361685
2011/8/26,811.6583265
2011/8/27,809.6599123
2011/8/28,807.6403537
2011/8/29,805.5990531
2011/8/30,803.5353864
2011/8/31,801.448701
2011/9/1,799.3383136
2011/9/3,797.2035081
2011/9/4,795.0435328
2011/9/5,792.8575981
2011/9/6,790.6448725
2011/9/7,788.4044801
2011/9/8,786.1354959
2011/9/9,783.8369419
2011/9/10,781.5077818
2011/9/11,779.1469158
2011/9/12,776.7531743
2011/9/13,774.3253104
2011/9/14,771.8619927
2011/9/15,769.3617957
2011/9/16,766.8231896
2011/9/17,764.244529
2011/9/18,761.6240391
2011/9/19,758.9598005
2011/9/20,756.2497319
2011/9/21,753.4915698
2011/9/22,750.6828451
2011/9/23,747.8208562
2011/9/24,744.9026376
2011/9/25,741.9249228
2011/9/26,738.8841016
2011/9/27,735.7761689
2011/9/28,732.5966645
2011/9/29,729.3406007
2011/9/30,726.0023761
2011/10/1,722.5756701
2011/10/2,719.0533155
2011/10/3,715.427141
2011/10/4,711.6877751
2011/10/5,707.8244013
2011/10/6,703.8244454
2011/10/7,699.6731754
2011/10/8,695.3531777
2011/10/9,690.8436647
2011/10/10,686.1195407
2011/10/11,681.15012
2011/10/12,675.8973247
2011/10/13,670.3130936
2011/10/14,664.3355448
2011/10/15,657.8831157
2011/10/16,650.8452706
2011/10/17,643.0671227
2011/10/18,634.3226965
2011/10/19,624.2657374
2011/10/21,612.333476
2011/10/22,597.547685
2011/10/23,578.1003312
2011/10/24,550.6181493
2011/10/25,509.3826658
2011/10/26,455.8995642
2011/10/27,411.5610033
2011/10/28,384.4738154
2011/10/29,366.602082
2011/10/30,353.5011165
2011/10/31,343.205851
2011/11/1,334.7322571
2011/11/2,327.5295005
2011/11/3,321.2616131
2011/11/4,315.7097125
2011/11/5,310.7236565
2011/11/6,306.1961343
2011/11/7,302.0478448
2011/11/8,298.2185459
2011/11/9,294.6614034
2011/11/10,291.339284
2011/11/11,288.2222451
2011/11/12,285.2857859
2011/11/13,282.5095996
2011/11/14,279.8766646
2011/11/15,277.3725684
2011/11/16,274.9849981
2011/11/17,272.7033487
2011/11/18,270.51842
2011/11/19,268.4221768
2011/11/20,266.4075595
2011/11/21,264.4683307
2011/11/22,262.598952
2011/11/23,260.7944819
2011/11/24,259.0504929
2011/11/25,257.363002
2011/11/26,255.7284123
2011/11/27,254.1434649
2011/11/28,252.6051968
2011/11/29,251.1109064
2011/11/30,822.8728539
2011/12/1,820.984164
2011/12/2,819.0772612
2011/12/3,817.1516694
2011/12/4,815.2068937
2011/12/5,813.242419
2011/12/6,811.2577088
2011/12/7,809.2522041
2011/12/8,807.2253218
2011/12/9,805.1764531
2011/12/10,803.1049617
2011/12/11,801.0101819
2011/12/12,798.8914165
2011/12/13,796.7479342
2011/12/14,794.5789675
2011/12/15,792.3837088
2011/12/16,790.1613083
2011/12/17,787.9108692
2011/12/18,785.6314447
2011/12/19,783.3220324
2011/12/20,780.9815698
2011/12/21,778.6089282
2011/12/22,776.2029064
2011/12/23,773.762223
2011/12/26,771.2855082
2011/12/27,768.7712943
2011/12/28,766.2180047
2011/12/29,763.6239419
2011/12/30,760.9872729
2011/12/31,758.3060135
2012/1/1,755.5780097
2012/1/2,752.8009156
2012/1/3,749.9721697
2012/1/4,747.088965
2012/1/5,744.1482161
2012/1/6,741.1465197
2012/1/7,738.0801082
2012/1/8,734.9447949
2012/1/9,731.7359088
2012/1/10,728.4482166
2012/1/11,725.0758286
2012/1/12,721.6120842
2012/1/13,718.0494117
2012/1/14,714.379155
2012/1/15,710.5913579
2012/1/16,706.6744901
2012/1/17,702.6150992
2012/1/18,698.3973583
2012/1/19,694.0024728
2012/1/20,689.4078873
2012/1/21,684.5862056
2012/1/22,679.5036931
2012/1/23,674.118144
2012/1/24,668.3757688
2012/1/25,662.2065085
2012/1/26,655.5167269
2012/1/27,648.1773459
2012/1/28,640.0036143
2012/1/29,630.7186409
2012/1/30,619.8832091
2012/1/31,606.7506851
2012/2/1,589.9477337
2012/2/2,566.776726
2012/2/3,531.9700119
2012/2/4,479.0347666
2012/2/5,425.2468376
2012/2/6,391.4327467
2012/2/7,370.6922504
2012/2/8,356.1617354
2012/2/9,345.0468216
2012/2/10,336.0541363
2012/2/11,328.4983875
2012/2/12,321.9775218
2012/2/13,316.2369367
2012/2/14,311.1056931
2012/2/15,306.4636351
2012/2/16,302.223138
2012/2/17,298.3183493
2012/2/18,294.698526
2012/2/19,291.3237341
2012/2/20,288.1619757
2012/2/21,285.1872096
2012/2/22,282.3779541
2012/2/23,279.7162761
2012/2/24,277.1870465
2012/2/25,274.7773814
2012/2/26,272.4762162
2012/2/27,270.2739762
2012/2/28,268.1623188
2012/2/29,266.1339296
2012/3/1,264.1823585
2012/3/2,262.3018882
2012/3/3,260.4874257
2012/3/4,258.7344148
2012/3/5,257.0387619
2012/3/6,255.3967751
2012/3/7,253.8051132
2012/3/8,252.2607419
2012/3/9,250.7608973
2012/3/10,249.3030543
2012/3/11,822.5087965
2012/3/12,820.6141529
2012/3/13,818.7011155
2012/3/14,816.7692003
2012/3/15,814.8179036
2012/3/16,812.8467013
2012/3/17,810.8550474
2012/3/18,808.8423726
2012/3/19,806.8080828
2012/3/20,804.7515575
2012/3/21,802.6721478
2012/3/22,800.5691748
2012/3/23,798.4419268
2012/3/24,796.289657
2012/3/25,794.1115812
2012/3/26,791.9068739
2012/3/27,789.6746657
2012/3/28,787.4140388
2012/3/29,785.1240233
2012/3/30,782.803592
2012/3/31,780.4516549
2012/4/1,778.0670536
2012/4/2,775.6485541
2012/4/3,773.1948388
2012/4/4,770.7044982
2012/4/5,768.1760205
2012/4/6,765.6077804
2012/4/7,762.9980258
2012/4/8,760.3448632
2012/4/9,757.6462402
2012/4/10,754.8999264
2012/4/11,752.1034899
2012/4/12,749.2542713
2012/4/13,746.349353
2012/4/14,743.3855229
2012/4/15,740.3592328
2012/4/16,737.2665481
2012/4/17,734.1030891
2012/4/18,730.8639604
2012/4/19,727.5436664
2012/4/20,724.1360083
2012/4/21,720.6339598
2012/4/22,717.029513
2012/4/23,713.3134873
2012/4/24,709.4752897
2012/4/25,705.5026107
2012/4/26,701.3810323
2012/4/27,697.093518
2012/4/28,692.6197365
2012/4/29,687.9351491
2012/5/1,683.0097574
2012/5/2,677.8063411
2012/5/3,672.2779185
2012/5/4,666.363979
2012/5/5,659.984705
2012/5/6,653.0317563
2012/5/7,645.3529007
2012/5/8,636.7249115
2012/5/9,626.8026409
2012/5/10,615.0156988
2012/5/11,600.3403428
2012/5/12,580.7590179
2012/5/13,552.017326
2012/5/14,505.5479691
2012/5/15,444.2444516
2012/5/16,400.3595255
2012/5/17,375.5548094
2012/5/18,359.1895667
2012/5/19,347.0872762
2012/5/20,337.4945902
2012/5/21,329.5422302
2012/5/22,322.7428572
2012/5/23,316.7976861
2012/5/24,311.51086
2012/5/25,306.7472063
2012/5/26,302.4095576
2012/5/27,298.4257296
2012/5/28,294.7406245
2012/5/29,291.3112223
2012/5/30,288.1032806
2012/5/31,285.0890898
2012/6/1,282.2459036
2012/6/2,279.5548144
2012/6/3,276.9999305
2012/6/4,274.5677637
2012/6/5,272.2467642
2012/6/6,270.0269642
2012/6/7,267.8996991
2012/6/8,265.8573885
2012/6/9,263.893361
2012/6/10,262.0017134
2012/6/11,260.1771962
2012/6/12,258.4151196
2012/6/13,256.7112761
2012/6/14,255.0618763
2012/6/15,253.4634943
2012/6/16,251.9130225
2012/6/17,250.4076333
2012/6/18,248.9447455
2012/6/19,247.521997
2012/6/20,822.1430788
2012/6/21,820.2424216
2012/6/22,818.3231868
2012/6/23,816.384882
2012/6/24,814.4269949
2012/6/25,812.448992
2012/6/26,810.4503175
2012/6/27,808.4303915
2012/6/28,806.3886086
2012/6/29,804.3243364
2012/6/30,802.2369132
2012/7/1,800.1256461
2012/7/2,797.9898086
2012/7/3,795.8286381
2012/7/4,793.6413331
2012/7/5,791.4270496
2012/7/6,789.1848979
2012/7/7,786.9139387
2012/7/8,784.613178
2012/7/9,782.2815628
2012/7/10,779.9179749
2012/7/11,777.5212249
2012/7/12,775.0900447
2012/7/13,772.6230791
2012/7/14,770.1188774
2012/7/15,767.5758816
2012/7/16,764.9924156
2012/7/17,762.3666704
2012/7/18,759.696689
2012/7/19,756.9803479
2012/7/20,754.2153361
2012/7/21,751.3991313
2012/7/22,748.5289713
2012/7/23,745.6018214
2012/7/24,742.6143361
2012/7/25,739.5628133
2012/7/26,736.4431415
2012/7/27,733.2507356
2012/7/28,729.9804607
2012/7/29,726.6265404
2012/7/30,723.1824446
2012/7/31,719.6407534
2012/8/1,715.9929873
2012/8/2,712.2293966
2012/8/3,708.3386948
2012/8/4,704.3077185
2012/8/5,700.1209864
2012/8/6,695.7601211
2012/8/7,691.2030751
2012/8/8,686.4230776
2012/8/9,681.387172
2012/8/10,676.0541323
2012/8/11,670.3714162
2012/8/12,664.2705662
2012/8/13,657.6600102
2012/8/14,650.4132902
2012/8/15,642.3488261
2012/8/16,633.1928449
2012/8/17,622.5062609
2012/8/18,609.5267236
2012/8/19,592.7909424
2012/8/20,569.1571699
2012/8/21,531.4075996
2012/8/22,469.5260167
2012/8/23,412.4523677
2012/8/24,381.498328
2012/8/25,362.6861665
2012/8/26,349.3682197
2012/8/27,339.0727361
2012/8/28,330.6708965
2012/8/29,323.5631001
2012/8/30,317.3951716
2012/8/31,311.9411125
2012/9/1,307.0480712
2012/9/2,302.6078817
2012/9/3,298.5411849
2012/9/4,294.7880166
2012/9/5,291.3019471
2012/9/6,288.0462785
2012/9/7,284.991491
2012/9/8,282.1134759
2012/9/9,279.392282
2012/9/10,276.8112058
2012/9/11,274.3561184
2012/9/12,272.0149584
2012/9/13,269.7773447
2012/9/14,267.6342753
2012/9/15,265.5778923
2012/9/16,263.6012937
2012/9/17,261.6983835
2012/9/18,259.8637495
2012/9/19,258.0925645
2012/9/20,256.3805034
2012/9/21,254.723676
2012/9/22,253.1185696
2012/9/23,251.5620016
2012/9/24,250.0510786
2012/9/25,248.5831628
2012/9/26,247.1558416
2012/9/27,245.7669031
